floors,layout,per_room_occ,responders,exit_combo_id,exit_combo,makespan_s,makespan_hms,exit_list,exit_count
1,BASELINE,1,8,1,RRRRLLLL,185.43171677461777,00:03:05,['RRRRLLLL'],1
1,BASELINE,1,8,2,LRLRLRLR,185.43171677461777,00:03:05,['LRLRLRLR'],1
1,BASELINE,1,9,1,RRRRRLLLL,185.43171677461777,00:03:05,['RRRRRLLLL'],1
1,BASELINE,1,8,0,LLLLRRRR,185.43171677461777,00:03:05,['LLLLRRRR'],1
1,BASELINE,1,7,3,RLRLRLR,185.43171677461777,00:03:05,['RLRLRLR'],1
1,BASELINE,1,7,1,RRRRLLL,185.43171677461777,00:03:05,['RRRRLLL'],1
1,BASELINE,1,8,3,RLRLRLRL,185.43171677461777,00:03:05,['RLRLRLRL'],1
1,BASELINE,1,9,3,RLRLRLRLR,185.43171677461777,00:03:05,['RLRLRLRLR'],1
1,BASELINE,1,10,0,LLLLLRRRRR,185.43171677461777,00:03:05,['LLLLLRRRRR'],1
1,BASELINE,1,10,1,RRRRRLLLLL,185.43171677461777,00:03:05,['RRRRRLLLLL'],1
1,BASELINE,1,9,2,LRLRLRLRL,185.43171677461777,00:03:05,['LRLRLRLRL'],1
1,BASELINE,1,10,3,RLRLRLRLRL,185.43171677461777,00:03:05,['RLRLRLRLRL'],1
1,BASELINE,1,10,2,LRLRLRLRLR,185.43171677461777,00:03:05,['LRLRLRLRLR'],1
1,BASELINE,1,9,0,LLLLLRRRR,185.43171677461777,00:03:05,['LLLLLRRRR'],1
1,BASELINE,2,8,2,LRLRLRLR,193.43171677461777,00:03:13,['LRLRLRLR'],1
1,BASELINE,2,10,3,RLRLRLRLRL,193.43171677461777,00:03:13,['RLRLRLRLRL'],1
1,BASELINE,2,10,2,LRLRLRLRLR,193.43171677461777,00:03:13,['LRLRLRLRLR'],1
1,BASELINE,2,10,1,RRRRRLLLLL,193.43171677461777,00:03:13,['RRRRRLLLLL'],1
1,BASELINE,2,10,0,LLLLLRRRRR,193.43171677461777,00:03:13,['LLLLLRRRRR'],1
1,BASELINE,2,9,0,LLLLLRRRR,193.43171677461777,00:03:13,['LLLLLRRRR'],1
1,BASELINE,2,9,2,LRLRLRLRL,193.43171677461777,00:03:13,['LRLRLRLRL'],1
1,BASELINE,2,8,1,RRRRLLLL,193.43171677461777,00:03:13,['RRRRLLLL'],1
1,BASELINE,2,9,1,RRRRRLLLL,193.43171677461777,00:03:13,['RRRRRLLLL'],1
1,BASELINE,2,8,0,LLLLRRRR,193.43171677461777,00:03:13,['LLLLRRRR'],1
1,BASELINE,2,7,3,RLRLRLR,193.43171677461777,00:03:13,['RLRLRLR'],1
1,BASELINE,2,7,1,RRRRLLL,193.43171677461777,00:03:13,['RRRRLLL'],1
1,BASELINE,2,8,3,RLRLRLRL,193.43171677461777,00:03:13,['RLRLRLRL'],1
1,BASELINE,2,9,3,RLRLRLRLR,193.43171677461777,00:03:13,['RLRLRLRLR'],1
1,BASELINE,3,7,3,RLRLRLR,201.43171677461777,00:03:21,['RLRLRLR'],1
1,BASELINE,3,7,1,RRRRLLL,201.43171677461777,00:03:21,['RRRRLLL'],1
1,BASELINE,3,8,3,RLRLRLRL,201.43171677461777,00:03:21,['RLRLRLRL'],1
1,BASELINE,3,10,3,RLRLRLRLRL,201.43171677461777,00:03:21,['RLRLRLRLRL'],1
1,BASELINE,3,10,2,LRLRLRLRLR,201.43171677461777,00:03:21,['LRLRLRLRLR'],1
1,BASELINE,3,10,1,RRRRRLLLLL,201.43171677461777,00:03:21,['RRRRRLLLLL'],1
1,BASELINE,3,10,0,LLLLLRRRRR,201.43171677461777,00:03:21,['LLLLLRRRRR'],1
1,BASELINE,3,9,3,RLRLRLRLR,201.43171677461777,00:03:21,['RLRLRLRLR'],1
1,BASELINE,3,9,2,LRLRLRLRL,201.43171677461777,00:03:21,['LRLRLRLRL'],1
1,BASELINE,3,9,1,RRRRRLLLL,201.43171677461777,00:03:21,['RRRRRLLLL'],1
1,BASELINE,3,9,0,LLLLLRRRR,201.43171677461777,00:03:21,['LLLLLRRRR'],1
1,BASELINE,3,8,0,LLLLRRRR,201.43171677461777,00:03:21,['LLLLRRRR'],1
1,BASELINE,3,8,2,LRLRLRLR,201.43171677461777,00:03:21,['LRLRLRLR'],1
1,BASELINE,3,8,1,RRRRLLLL,201.43171677461777,00:03:21,['RRRRLLLL'],1
1,L,1,10,2,LRLRLRLRLR,202.2007106386717,00:03:22,['LRLRLRLRLR'],1
1,L,1,10,1,RRRRRLLLLL,202.2007106386717,00:03:22,['RRRRRLLLLL'],1
1,L,1,10,0,LLLLLRRRRR,202.2007106386717,00:03:22,['LLLLLRRRRR'],1
1,L,1,10,3,RLRLRLRLRL,202.2007106386717,00:03:22,['RLRLRLRLRL'],1
1,L,1,9,0,LLLLLRRRR,202.2007106386717,00:03:22,['LLLLLRRRR'],1
1,L,1,9,2,LRLRLRLRL,202.2007106386717,00:03:22,['LRLRLRLRL'],1
1,BASELINE,4,8,0,LLLLRRRR,209.43171677461777,00:03:29,['LLLLRRRR'],1
1,BASELINE,4,7,1,RRRRLLL,209.43171677461777,00:03:29,['RRRRLLL'],1
1,BASELINE,4,7,3,RLRLRLR,209.43171677461777,00:03:29,['RLRLRLR'],1
1,BASELINE,4,8,1,RRRRLLLL,209.43171677461777,00:03:29,['RRRRLLLL'],1
1,BASELINE,4,10,1,RRRRRLLLLL,209.43171677461777,00:03:29,['RRRRRLLLLL'],1
1,BASELINE,4,8,3,RLRLRLRL,209.43171677461777,00:03:29,['RLRLRLRL'],1
1,BASELINE,4,9,0,LLLLLRRRR,209.43171677461777,00:03:29,['LLLLLRRRR'],1
1,BASELINE,4,9,1,RRRRRLLLL,209.43171677461777,00:03:29,['RRRRRLLLL'],1
1,BASELINE,4,9,2,LRLRLRLRL,209.43171677461777,00:03:29,['LRLRLRLRL'],1
1,BASELINE,4,9,3,RLRLRLRLR,209.43171677461777,00:03:29,['RLRLRLRLR'],1
1,BASELINE,4,10,0,LLLLLRRRRR,209.43171677461777,00:03:29,['LLLLLRRRRR'],1
1,BASELINE,4,10,2,LRLRLRLRLR,209.43171677461777,00:03:29,['LRLRLRLRLR'],1
1,BASELINE,4,10,3,RLRLRLRLRL,209.43171677461777,00:03:29,['RLRLRLRLRL'],1
1,BASELINE,4,8,2,LRLRLRLR,209.43171677461777,00:03:29,['LRLRLRLR'],1
1,L,1,9,1,RRRRRLLLL,217.4073503395199,00:03:37,['RRRRRLLLL'],1
1,L,1,7,0,LLLLRRR,217.4073503395199,00:03:37,['LLLLRRR'],1
1,L,1,7,2,LRLRLRL,217.4073503395199,00:03:37,['LRLRLRL'],1
1,L,1,9,3,RLRLRLRLR,217.4073503395199,00:03:37,['RLRLRLRLR'],1
1,L,1,8,0,LLLLRRRR,217.4073503395199,00:03:37,['LLLLRRRR'],1
1,L,1,8,3,RLRLRLRL,217.4073503395199,00:03:37,['RLRLRLRL'],1
1,L,1,8,2,LRLRLRLR,217.4073503395199,00:03:37,['LRLRLRLR'],1
1,L,1,8,1,RRRRLLLL,217.4073503395199,00:03:37,['RRRRLLLL'],1
1,BASELINE,5,7,3,RLRLRLR,217.43171677461777,00:03:37,['RLRLRLR'],1
1,BASELINE,5,10,3,RLRLRLRLRL,217.43171677461777,00:03:37,['RLRLRLRLRL'],1
1,BASELINE,5,10,2,LRLRLRLRLR,217.43171677461777,00:03:37,['LRLRLRLRLR'],1
1,BASELINE,5,10,1,RRRRRLLLLL,217.43171677461777,00:03:37,['RRRRRLLLLL'],1
1,BASELINE,5,7,1,RRRRLLL,217.43171677461777,00:03:37,['RRRRLLL'],1
1,BASELINE,5,9,3,RLRLRLRLR,217.43171677461777,00:03:37,['RLRLRLRLR'],1
1,BASELINE,5,10,0,LLLLLRRRRR,217.43171677461777,00:03:37,['LLLLLRRRRR'],1
1,BASELINE,5,9,1,RRRRRLLLL,217.43171677461777,00:03:37,['RRRRRLLLL'],1
1,BASELINE,5,9,0,LLLLLRRRR,217.43171677461777,00:03:37,['LLLLLRRRR'],1
1,BASELINE,5,8,2,LRLRLRLR,217.43171677461777,00:03:37,['LRLRLRLR'],1
1,BASELINE,5,8,1,RRRRLLLL,217.43171677461777,00:03:37,['RRRRLLLL'],1
1,BASELINE,5,8,0,LLLLRRRR,217.43171677461777,00:03:37,['LLLLRRRR'],1
1,BASELINE,5,9,2,LRLRLRLRL,217.43171677461777,00:03:37,['LRLRLRLRL'],1
1,BASELINE,5,8,3,RLRLRLRL,217.43171677461777,00:03:37,['RLRLRLRL'],1
1,L,2,9,0,LLLLLRRRR,218.2007106386717,00:03:38,['LLLLLRRRR'],1
1,L,2,9,2,LRLRLRLRL,218.2007106386717,00:03:38,['LRLRLRLRL'],1
1,L,2,10,1,RRRRRLLLLL,218.2007106386717,00:03:38,['RRRRRLLLLL'],1
1,L,2,10,2,LRLRLRLRLR,218.2007106386717,00:03:38,['LRLRLRLRLR'],1
1,L,2,10,3,RLRLRLRLRL,218.2007106386717,00:03:38,['RLRLRLRLRL'],1
1,L,2,10,0,LLLLLRRRRR,218.2007106386717,00:03:38,['LLLLLRRRRR'],1
1,BASELINE,6,9,2,LRLRLRLRL,225.43171677461777,00:03:45,['LRLRLRLRL'],1
1,BASELINE,6,8,1,RRRRLLLL,225.43171677461777,00:03:45,['RRRRLLLL'],1
1,BASELINE,6,8,2,LRLRLRLR,225.43171677461777,00:03:45,['LRLRLRLR'],1
1,BASELINE,6,8,3,RLRLRLRL,225.43171677461777,00:03:45,['RLRLRLRL'],1
1,BASELINE,6,9,0,LLLLLRRRR,225.43171677461777,00:03:45,['LLLLLRRRR'],1
1,BASELINE,6,9,1,RRRRRLLLL,225.43171677461777,00:03:45,['RRRRRLLLL'],1
1,BASELINE,6,7,1,RRRRLLL,225.43171677461777,00:03:45,['RRRRLLL'],1
1,BASELINE,6,9,3,RLRLRLRLR,225.43171677461777,00:03:45,['RLRLRLRLR'],1
1,BASELINE,6,10,0,LLLLLRRRRR,225.43171677461777,00:03:45,['LLLLLRRRRR'],1
1,BASELINE,6,10,1,RRRRRLLLLL,225.43171677461777,00:03:45,['RRRRRLLLLL'],1
1,BASELINE,6,10,2,LRLRLRLRLR,225.43171677461777,00:03:45,['LRLRLRLRLR'],1
1,BASELINE,6,10,3,RLRLRLRLRL,225.43171677461777,00:03:45,['RLRLRLRLRL'],1
1,BASELINE,6,8,0,LLLLRRRR,225.43171677461777,00:03:45,['LLLLRRRR'],1
1,BASELINE,6,7,3,RLRLRLR,225.43171677461777,00:03:45,['RLRLRLR'],1
1,BASELINE,1,6,0,LLLRRR,226.42645954828288,00:03:46,['LLLRRR'],1
1,BASELINE,1,7,2,LRLRLRL,226.42645954828288,00:03:46,['LRLRLRL'],1
1,BASELINE,1,7,0,LLLLRRR,226.42645954828288,00:03:46,['LLLLRRR'],1
1,BASELINE,1,6,3,RLRLRL,226.42645954828288,00:03:46,['RLRLRL'],1
1,BASELINE,1,6,2,LRLRLR,226.42645954828288,00:03:46,['LRLRLR'],1
1,BASELINE,1,6,1,RRRLLL,226.42645954828288,00:03:46,['RRRLLL'],1
1,BASELINE,1,5,1,RRRLL,226.42645954828288,00:03:46,['RRRLL'],1
1,BASELINE,1,5,3,RLRLR,226.42645954828288,00:03:46,['RLRLR'],1
1,L,2,8,1,RRRRLLLL,233.4073503395199,00:03:53,['RRRRLLLL'],1
1,L,2,7,0,LLLLRRR,233.4073503395199,00:03:53,['LLLLRRR'],1
1,L,2,8,0,LLLLRRRR,233.4073503395199,00:03:53,['LLLLRRRR'],1
1,L,2,8,3,RLRLRLRL,233.4073503395199,00:03:53,['RLRLRLRL'],1
1,L,2,8,2,LRLRLRLR,233.4073503395199,00:03:53,['LRLRLRLR'],1
1,L,2,9,3,RLRLRLRLR,233.4073503395199,00:03:53,['RLRLRLRLR'],1
1,L,2,9,1,RRRRRLLLL,233.4073503395199,00:03:53,['RRRRRLLLL'],1
1,L,2,7,2,LRLRLRL,233.4073503395199,00:03:53,['LRLRLRL'],1
1,BASELINE,7,7,3,RLRLRLR,233.43171677461777,00:03:53,['RLRLRLR'],1
1,BASELINE,7,7,1,RRRRLLL,233.43171677461777,00:03:53,['RRRRLLL'],1
1,BASELINE,7,10,3,RLRLRLRLRL,233.43171677461777,00:03:53,['RLRLRLRLRL'],1
1,BASELINE,7,10,2,LRLRLRLRLR,233.43171677461777,00:03:53,['LRLRLRLRLR'],1
1,BASELINE,7,10,1,RRRRRLLLLL,233.43171677461777,00:03:53,['RRRRRLLLLL'],1
1,BASELINE,7,10,0,LLLLLRRRRR,233.43171677461777,00:03:53,['LLLLLRRRRR'],1
1,BASELINE,7,9,3,RLRLRLRLR,233.43171677461777,00:03:53,['RLRLRLRLR'],1
1,BASELINE,7,9,2,LRLRLRLRL,233.43171677461777,00:03:53,['LRLRLRLRL'],1
1,BASELINE,7,9,1,RRRRRLLLL,233.43171677461777,00:03:53,['RRRRRLLLL'],1
1,BASELINE,7,9,0,LLLLLRRRR,233.43171677461777,00:03:53,['LLLLLRRRR'],1
1,BASELINE,7,8,3,RLRLRLRL,233.43171677461777,00:03:53,['RLRLRLRL'],1
1,BASELINE,7,8,2,LRLRLRLR,233.43171677461777,00:03:53,['LRLRLRLR'],1
1,BASELINE,7,8,1,RRRRLLLL,233.43171677461777,00:03:53,['RRRRLLLL'],1
1,BASELINE,7,8,0,LLLLRRRR,233.43171677461777,00:03:53,['LLLLRRRR'],1
1,L,3,9,2,LRLRLRLRL,234.2007106386717,00:03:54,['LRLRLRLRL'],1
1,L,3,10,0,LLLLLRRRRR,234.2007106386717,00:03:54,['LLLLLRRRRR'],1
1,L,3,10,1,RRRRRLLLLL,234.2007106386717,00:03:54,['RRRRRLLLLL'],1
1,L,3,9,0,LLLLLRRRR,234.2007106386717,00:03:54,['LLLLLRRRR'],1
1,L,3,10,2,LRLRLRLRLR,234.2007106386717,00:03:54,['LRLRLRLRLR'],1
1,L,3,10,3,RLRLRLRLRL,234.2007106386717,00:03:54,['RLRLRLRLRL'],1
1,BASELINE,1,5,2,LRLRL,238.43171677461777,00:03:58,['LRLRL'],1
1,BASELINE,1,5,0,LLLRR,238.43171677461777,00:03:58,['LLLRR'],1
1,BASELINE,1,4,3,RLRL,238.43171677461777,00:03:58,['RLRL'],1
1,BASELINE,1,4,2,LRLR,238.43171677461777,00:03:58,['LRLR'],1
1,BASELINE,1,4,1,RRLL,238.43171677461777,00:03:58,['RRLL'],1
1,BASELINE,1,4,0,LLRR,238.43171677461777,00:03:58,['LLRR'],1
1,BASELINE,1,3,3,RLR,238.43171677461777,00:03:58,['RLR'],1
1,BASELINE,1,3,1,RRL,238.43171677461777,00:03:58,['RRL'],1
1,BASELINE,8,9,1,RRRRRLLLL,241.43171677461777,00:04:01,['RRRRRLLLL'],1
1,BASELINE,8,9,2,LRLRLRLRL,241.43171677461777,00:04:01,['LRLRLRLRL'],1
1,BASELINE,8,8,3,RLRLRLRL,241.43171677461777,00:04:01,['RLRLRLRL'],1
1,BASELINE,8,10,0,LLLLLRRRRR,241.43171677461777,00:04:01,['LLLLLRRRRR'],1
1,BASELINE,8,10,2,LRLRLRLRLR,241.43171677461777,00:04:01,['LRLRLRLRLR'],1
1,BASELINE,8,10,3,RLRLRLRLRL,241.43171677461777,00:04:01,['RLRLRLRLRL'],1
1,BASELINE,8,8,2,LRLRLRLR,241.43171677461777,00:04:01,['LRLRLRLR'],1
1,BASELINE,8,8,1,RRRRLLLL,241.43171677461777,00:04:01,['RRRRLLLL'],1
1,BASELINE,8,8,0,LLLLRRRR,241.43171677461777,00:04:01,['LLLLRRRR'],1
1,BASELINE,8,7,3,RLRLRLR,241.43171677461777,00:04:01,['RLRLRLR'],1
1,BASELINE,8,7,1,RRRRLLL,241.43171677461777,00:04:01,['RRRRLLL'],1
1,BASELINE,8,9,0,LLLLLRRRR,241.43171677461777,00:04:01,['LLLLLRRRR'],1
1,BASELINE,8,9,3,RLRLRLRLR,241.43171677461777,00:04:01,['RLRLRLRLR'],1
1,BASELINE,8,10,1,RRRRRLLLLL,241.43171677461777,00:04:01,['RRRRRLLLLL'],1
1,BASELINE,2,6,0,LLLRRR,242.42645954828288,00:04:02,['LLLRRR'],1
1,BASELINE,2,7,2,LRLRLRL,242.42645954828288,00:04:02,['LRLRLRL'],1
1,BASELINE,2,5,1,RRRLL,242.42645954828288,00:04:02,['RRRLL'],1
1,BASELINE,2,5,3,RLRLR,242.42645954828288,00:04:02,['RLRLR'],1
1,BASELINE,2,6,3,RLRLRL,242.42645954828288,00:04:02,['RLRLRL'],1
1,BASELINE,2,7,0,LLLLRRR,242.42645954828288,00:04:02,['LLLLRRR'],1
1,BASELINE,2,6,2,LRLRLR,242.42645954828288,00:04:02,['LRLRLR'],1
1,BASELINE,2,6,1,RRRLLL,242.42645954828288,00:04:02,['RRRLLL'],1
1,T,1,10,0,LLLLLRRRRR,243.01986961148376,00:04:03,['LLLLLRRRRR'],1
1,T,1,9,0,LLLLLRRRR,243.01986961148376,00:04:03,['LLLLLRRRR'],1
1,T,1,10,3,RLRLRLRLRL,243.01986961148376,00:04:03,['RLRLRLRLRL'],1
1,T,1,10,2,LRLRLRLRLR,243.01986961148376,00:04:03,['LRLRLRLRLR'],1
1,T,1,9,2,LRLRLRLRL,243.01986961148376,00:04:03,['LRLRLRLRL'],1
1,T,1,10,1,RRRRRLLLLL,243.01986961148376,00:04:03,['RRRRRLLLLL'],1
1,L,3,7,0,LLLLRRR,249.4073503395199,00:04:09,['LLLLRRR'],1
1,L,3,9,1,RRRRRLLLL,249.4073503395199,00:04:09,['RRRRRLLLL'],1
1,L,3,8,0,LLLLRRRR,249.4073503395199,00:04:09,['LLLLRRRR'],1
1,L,3,7,2,LRLRLRL,249.4073503395199,00:04:09,['LRLRLRL'],1
1,L,3,8,2,LRLRLRLR,249.4073503395199,00:04:09,['LRLRLRLR'],1
1,L,3,8,3,RLRLRLRL,249.4073503395199,00:04:09,['RLRLRLRL'],1
1,L,3,9,3,RLRLRLRLR,249.4073503395199,00:04:09,['RLRLRLRLR'],1
1,L,3,8,1,RRRRLLLL,249.4073503395199,00:04:09,['RRRRLLLL'],1
1,BASELINE,9,9,3,RLRLRLRLR,249.43171677461777,00:04:09,['RLRLRLRLR'],1
1,BASELINE,9,10,1,RRRRRLLLLL,249.43171677461777,00:04:09,['RRRRRLLLLL'],1
1,BASELINE,9,10,0,LLLLLRRRRR,249.43171677461777,00:04:09,['LLLLLRRRRR'],1
1,BASELINE,9,10,2,LRLRLRLRLR,249.43171677461777,00:04:09,['LRLRLRLRLR'],1
1,BASELINE,9,9,2,LRLRLRLRL,249.43171677461777,00:04:09,['LRLRLRLRL'],1
1,BASELINE,9,10,3,RLRLRLRLRL,249.43171677461777,00:04:09,['RLRLRLRLRL'],1
1,BASELINE,9,9,0,LLLLLRRRR,249.43171677461777,00:04:09,['LLLLLRRRR'],1
1,BASELINE,9,8,2,LRLRLRLR,249.43171677461777,00:04:09,['LRLRLRLR'],1
1,BASELINE,9,8,1,RRRRLLLL,249.43171677461777,00:04:09,['RRRRLLLL'],1
1,BASELINE,9,8,0,LLLLRRRR,249.43171677461777,00:04:09,['LLLLRRRR'],1
1,BASELINE,9,7,3,RLRLRLR,249.43171677461777,00:04:09,['RLRLRLR'],1
1,BASELINE,9,7,1,RRRRLLL,249.43171677461777,00:04:09,['RRRRLLL'],1
1,BASELINE,9,9,1,RRRRRLLLL,249.43171677461777,00:04:09,['RRRRRLLLL'],1
1,BASELINE,9,8,3,RLRLRLRL,249.43171677461777,00:04:09,['RLRLRLRL'],1
1,L,4,10,1,RRRRRLLLLL,250.2007106386717,00:04:10,['RRRRRLLLLL'],1
1,L,4,10,2,LRLRLRLRLR,250.2007106386717,00:04:10,['LRLRLRLRLR'],1
1,L,4,10,3,RLRLRLRLRL,250.2007106386717,00:04:10,['RLRLRLRLRL'],1
1,L,4,10,0,LLLLLRRRRR,250.2007106386717,00:04:10,['LLLLLRRRRR'],1
1,L,4,9,2,LRLRLRLRL,250.2007106386717,00:04:10,['LRLRLRLRL'],1
1,L,4,9,0,LLLLLRRRR,250.2007106386717,00:04:10,['LLLLLRRRR'],1
1,BASELINE,2,4,3,RLRL,254.43171677461777,00:04:14,['RLRL'],1
1,BASELINE,2,4,2,LRLR,254.43171677461777,00:04:14,['LRLR'],1
1,BASELINE,2,4,1,RRLL,254.43171677461777,00:04:14,['RRLL'],1
1,BASELINE,2,4,0,LLRR,254.43171677461777,00:04:14,['LLRR'],1
1,BASELINE,2,3,3,RLR,254.43171677461777,00:04:14,['RLR'],1
1,BASELINE,2,3,1,RRL,254.43171677461777,00:04:14,['RRL'],1
1,BASELINE,2,5,2,LRLRL,254.43171677461777,00:04:14,['LRLRL'],1
1,BASELINE,2,5,0,LLLRR,254.43171677461777,00:04:14,['LLLRR'],1
1,T,1,7,0,LLLLRRR,257.054294125778,00:04:17,['LLLLRRR'],1
1,T,1,9,3,RLRLRLRLR,257.054294125778,00:04:17,['RLRLRLRLR'],1
1,T,1,9,1,RRRRRLLLL,257.054294125778,00:04:17,['RRRRRLLLL'],1
1,T,1,8,3,RLRLRLRL,257.054294125778,00:04:17,['RLRLRLRL'],1
1,T,1,8,2,LRLRLRLR,257.054294125778,00:04:17,['LRLRLRLR'],1
1,T,1,8,1,RRRRLLLL,257.054294125778,00:04:17,['RRRRLLLL'],1
1,T,1,8,0,LLLLRRRR,257.054294125778,00:04:17,['LLLLRRRR'],1
1,T,1,7,2,LRLRLRL,257.054294125778,00:04:17,['LRLRLRL'],1
1,BASELINE,10,9,1,RRRRRLLLL,257.43171677461777,00:04:17,['RRRRRLLLL'],1
1,BASELINE,10,7,1,RRRRLLL,257.43171677461777,00:04:17,['RRRRLLL'],1
1,BASELINE,10,7,3,RLRLRLR,257.43171677461777,00:04:17,['RLRLRLR'],1
1,BASELINE,10,8,0,LLLLRRRR,257.43171677461777,00:04:17,['LLLLRRRR'],1
1,BASELINE,10,8,1,RRRRLLLL,257.43171677461777,00:04:17,['RRRRLLLL'],1
1,BASELINE,10,10,3,RLRLRLRLRL,257.43171677461777,00:04:17,['RLRLRLRLRL'],1
1,BASELINE,10,10,2,LRLRLRLRLR,257.43171677461777,00:04:17,['LRLRLRLRLR'],1
1,BASELINE,10,8,2,LRLRLRLR,257.43171677461777,00:04:17,['LRLRLRLR'],1
1,BASELINE,10,10,1,RRRRRLLLLL,257.43171677461777,00:04:17,['RRRRRLLLLL'],1
1,BASELINE,10,8,3,RLRLRLRL,257.43171677461777,00:04:17,['RLRLRLRL'],1
1,BASELINE,10,10,0,LLLLLRRRRR,257.43171677461777,00:04:17,['LLLLLRRRRR'],1
1,BASELINE,10,9,3,RLRLRLRLR,257.43171677461777,00:04:17,['RLRLRLRLR'],1
1,BASELINE,10,9,2,LRLRLRLRL,257.43171677461777,00:04:17,['LRLRLRLRL'],1
1,BASELINE,10,9,0,LLLLLRRRR,257.43171677461777,00:04:17,['LLLLLRRRR'],1
1,BASELINE,3,6,1,RRRLLL,258.4264595482829,00:04:18,['RRRLLL'],1
1,BASELINE,3,6,2,LRLRLR,258.4264595482829,00:04:18,['LRLRLR'],1
1,BASELINE,3,5,1,RRRLL,258.4264595482829,00:04:18,['RRRLL'],1
1,BASELINE,3,5,3,RLRLR,258.4264595482829,00:04:18,['RLRLR'],1
1,BASELINE,3,7,2,LRLRLRL,258.4264595482829,00:04:18,['LRLRLRL'],1
1,BASELINE,3,6,0,LLLRRR,258.4264595482829,00:04:18,['LLLRRR'],1
1,BASELINE,3,7,0,LLLLRRR,258.4264595482829,00:04:18,['LLLLRRR'],1
1,BASELINE,3,6,3,RLRLRL,258.4264595482829,00:04:18,['RLRLRL'],1
1,T,2,10,3,RLRLRLRLRL,259.0198696114837,00:04:19,['RLRLRLRLRL'],1
1,T,2,10,2,LRLRLRLRLR,259.0198696114837,00:04:19,['LRLRLRLRLR'],1
1,T,2,10,1,RRRRRLLLLL,259.0198696114837,00:04:19,['RRRRRLLLLL'],1
1,T,2,10,0,LLLLLRRRRR,259.0198696114837,00:04:19,['LLLLLRRRRR'],1
1,T,2,9,2,LRLRLRLRL,259.0198696114837,00:04:19,['LRLRLRLRL'],1
1,T,2,9,0,LLLLLRRRR,259.0198696114837,00:04:19,['LLLLLRRRR'],1
1,L,4,8,2,LRLRLRLR,265.4073503395199,00:04:25,['LRLRLRLR'],1
1,L,4,9,1,RRRRRLLLL,265.4073503395199,00:04:25,['RRRRRLLLL'],1
1,L,4,7,0,LLLLRRR,265.4073503395199,00:04:25,['LLLLRRR'],1
1,L,4,8,1,RRRRLLLL,265.4073503395199,00:04:25,['RRRRLLLL'],1
1,L,4,8,0,LLLLRRRR,265.4073503395199,00:04:25,['LLLLRRRR'],1
1,L,4,9,3,RLRLRLRLR,265.4073503395199,00:04:25,['RLRLRLRLR'],1
1,L,4,8,3,RLRLRLRL,265.4073503395199,00:04:25,['RLRLRLRL'],1
1,L,4,7,2,LRLRLRL,265.4073503395199,00:04:25,['LRLRLRL'],1
1,L,5,10,1,RRRRRLLLLL,266.2007106386717,00:04:26,['RRRRRLLLLL'],1
1,L,5,10,3,RLRLRLRLRL,266.2007106386717,00:04:26,['RLRLRLRLRL'],1
1,L,5,9,0,LLLLLRRRR,266.2007106386717,00:04:26,['LLLLLRRRR'],1
1,L,5,10,2,LRLRLRLRLR,266.2007106386717,00:04:26,['LRLRLRLRLR'],1
1,L,5,10,0,LLLLLRRRRR,266.2007106386717,00:04:26,['LLLLLRRRRR'],1
1,L,5,9,2,LRLRLRLRL,266.2007106386717,00:04:26,['LRLRLRLRL'],1
1,BASELINE,3,3,1,RRL,270.43171677461777,00:04:30,['RRL'],1
1,BASELINE,3,4,0,LLRR,270.43171677461777,00:04:30,['LLRR'],1
1,BASELINE,3,3,3,RLR,270.43171677461777,00:04:30,['RLR'],1
1,BASELINE,3,4,1,RRLL,270.43171677461777,00:04:30,['RRLL'],1
1,BASELINE,3,4,3,RLRL,270.43171677461777,00:04:30,['RLRL'],1
1,BASELINE,3,5,0,LLLRR,270.43171677461777,00:04:30,['LLLRR'],1
1,BASELINE,3,5,2,LRLRL,270.43171677461777,00:04:30,['LRLRL'],1
1,BASELINE,3,4,2,LRLR,270.43171677461777,00:04:30,['LRLR'],1
1,T,2,9,3,RLRLRLRLR,273.054294125778,00:04:33,['RLRLRLRLR'],1
1,T,2,9,1,RRRRRLLLL,273.054294125778,00:04:33,['RRRRRLLLL'],1
1,T,2,8,3,RLRLRLRL,273.054294125778,00:04:33,['RLRLRLRL'],1
1,T,2,8,2,LRLRLRLR,273.054294125778,00:04:33,['LRLRLRLR'],1
1,T,2,8,1,RRRRLLLL,273.054294125778,00:04:33,['RRRRLLLL'],1
1,T,2,7,2,LRLRLRL,273.054294125778,00:04:33,['LRLRLRL'],1
1,T,2,7,0,LLLLRRR,273.054294125778,00:04:33,['LLLLRRR'],1
1,T,2,8,0,LLLLRRRR,273.054294125778,00:04:33,['LLLLRRRR'],1
1,BASELINE,4,7,2,LRLRLRL,274.4264595482829,00:04:34,['LRLRLRL'],1
1,BASELINE,4,6,2,LRLRLR,274.4264595482829,00:04:34,['LRLRLR'],1
1,BASELINE,4,7,0,LLLLRRR,274.4264595482829,00:04:34,['LLLLRRR'],1
1,BASELINE,4,6,3,RLRLRL,274.4264595482829,00:04:34,['RLRLRL'],1
1,BASELINE,4,5,1,RRRLL,274.4264595482829,00:04:34,['RRRLL'],1
1,BASELINE,4,5,3,RLRLR,274.4264595482829,00:04:34,['RLRLR'],1
1,BASELINE,4,6,0,LLLRRR,274.4264595482829,00:04:34,['LLLRRR'],1
1,BASELINE,4,6,1,RRRLLL,274.4264595482829,00:04:34,['RRRLLL'],1
1,T,3,10,3,RLRLRLRLRL,275.0198696114837,00:04:35,['RLRLRLRLRL'],1
1,T,3,10,1,RRRRRLLLLL,275.0198696114837,00:04:35,['RRRRRLLLLL'],1
1,T,3,10,0,LLLLLRRRRR,275.0198696114837,00:04:35,['LLLLLRRRRR'],1
1,T,3,9,2,LRLRLRLRL,275.0198696114837,00:04:35,['LRLRLRLRL'],1
1,T,3,9,0,LLLLLRRRR,275.0198696114837,00:04:35,['LLLLLRRRR'],1
1,T,3,10,2,LRLRLRLRLR,275.0198696114837,00:04:35,['LRLRLRLRLR'],1
1,L,1,6,2,LRLRLR,275.2899020449196,00:04:35,['LRLRLR'],1
1,L,1,7,3,RLRLRLR,275.2899020449196,00:04:35,['RLRLRLR'],1
1,L,1,7,1,RRRRLLL,275.2899020449196,00:04:35,['RRRRLLL'],1
1,L,1,5,0,LLLRR,275.2899020449196,00:04:35,['LLLRR'],1
1,L,1,5,2,LRLRL,275.2899020449196,00:04:35,['LRLRL'],1
1,L,1,6,0,LLLRRR,275.2899020449196,00:04:35,['LLLRRR'],1
1,L,1,6,3,RLRLRL,275.2899020449196,00:04:35,['RLRLRL'],1
1,L,1,6,1,RRRLLL,275.2899020449196,00:04:35,['RRRLLL'],1
1,L,5,9,1,RRRRRLLLL,281.4073503395199,00:04:41,['RRRRRLLLL'],1
1,L,5,7,0,LLLLRRR,281.4073503395199,00:04:41,['LLLLRRR'],1
1,L,5,9,3,RLRLRLRLR,281.4073503395199,00:04:41,['RLRLRLRLR'],1
1,L,5,7,2,LRLRLRL,281.4073503395199,00:04:41,['LRLRLRL'],1
1,L,5,8,2,LRLRLRLR,281.4073503395199,00:04:41,['LRLRLRLR'],1
1,L,5,8,1,RRRRLLLL,281.4073503395199,00:04:41,['RRRRLLLL'],1
1,L,5,8,3,RLRLRLRL,281.4073503395199,00:04:41,['RLRLRLRL'],1
1,L,5,8,0,LLLLRRRR,281.4073503395199,00:04:41,['LLLLRRRR'],1
1,L,6,10,0,LLLLLRRRRR,282.2007106386717,00:04:42,['LLLLLRRRRR'],1
1,L,6,10,3,RLRLRLRLRL,282.2007106386717,00:04:42,['RLRLRLRLRL'],1
1,L,6,10,1,RRRRRLLLLL,282.2007106386717,00:04:42,['RRRRRLLLLL'],1
1,L,6,9,2,LRLRLRLRL,282.2007106386717,00:04:42,['LRLRLRLRL'],1
1,L,6,10,2,LRLRLRLRLR,282.2007106386717,00:04:42,['LRLRLRLRLR'],1
1,L,6,9,0,LLLLLRRRR,282.2007106386717,00:04:42,['LLLLLRRRR'],1
1,BASELINE,4,3,1,RRL,286.43171677461777,00:04:46,['RRL'],1
1,BASELINE,4,3,3,RLR,286.43171677461777,00:04:46,['RLR'],1
1,BASELINE,4,4,0,LLRR,286.43171677461777,00:04:46,['LLRR'],1
1,BASELINE,4,4,1,RRLL,286.43171677461777,00:04:46,['RRLL'],1
1,BASELINE,4,4,2,LRLR,286.43171677461777,00:04:46,['LRLR'],1
1,BASELINE,4,4,3,RLRL,286.43171677461777,00:04:46,['RLRL'],1
1,BASELINE,4,5,0,LLLRR,286.43171677461777,00:04:46,['LLLRR'],1
1,BASELINE,4,5,2,LRLRL,286.43171677461777,00:04:46,['LRLRL'],1
1,T,3,8,1,RRRRLLLL,289.054294125778,00:04:49,['RRRRLLLL'],1
1,T,3,9,1,RRRRRLLLL,289.054294125778,00:04:49,['RRRRRLLLL'],1
1,T,3,8,0,LLLLRRRR,289.054294125778,00:04:49,['LLLLRRRR'],1
1,T,3,8,2,LRLRLRLR,289.054294125778,00:04:49,['LRLRLRLR'],1
1,T,3,8,3,RLRLRLRL,289.054294125778,00:04:49,['RLRLRLRL'],1
1,T,3,7,0,LLLLRRR,289.054294125778,00:04:49,['LLLLRRR'],1
1,T,3,9,3,RLRLRLRLR,289.054294125778,00:04:49,['RLRLRLRLR'],1
1,T,3,7,2,LRLRLRL,289.054294125778,00:04:49,['LRLRLRL'],1
1,BASELINE,5,7,2,LRLRLRL,290.4264595482829,00:04:50,['LRLRLRL'],1
1,BASELINE,5,5,3,RLRLR,290.4264595482829,00:04:50,['RLRLR'],1
1,BASELINE,5,6,3,RLRLRL,290.4264595482829,00:04:50,['RLRLRL'],1
1,BASELINE,5,6,2,LRLRLR,290.4264595482829,00:04:50,['LRLRLR'],1
1,BASELINE,5,7,0,LLLLRRR,290.4264595482829,00:04:50,['LLLLRRR'],1
1,BASELINE,5,6,1,RRRLLL,290.4264595482829,00:04:50,['RRRLLL'],1
1,BASELINE,5,6,0,LLLRRR,290.4264595482829,00:04:50,['LLLRRR'],1
1,BASELINE,5,5,1,RRRLL,290.4264595482829,00:04:50,['RRRLL'],1
1,T,1,6,1,RRRLLL,290.884226227692,00:04:51,['RRRLLL'],1
1,T,1,5,2,LRLRL,290.884226227692,00:04:51,['LRLRL'],1
1,T,1,5,0,LLLRR,290.884226227692,00:04:51,['LLLRR'],1
1,T,1,6,0,LLLRRR,290.884226227692,00:04:51,['LLLRRR'],1
1,T,1,6,3,RLRLRL,290.884226227692,00:04:51,['RLRLRL'],1
1,T,1,6,2,LRLRLR,290.884226227692,00:04:51,['LRLRLR'],1
1,T,1,7,1,RRRRLLL,290.884226227692,00:04:51,['RRRRLLL'],1
1,T,1,7,3,RLRLRLR,290.884226227692,00:04:51,['RLRLRLR'],1
1,T,4,10,1,RRRRRLLLLL,291.0198696114837,00:04:51,['RRRRRLLLLL'],1
1,T,4,9,0,LLLLLRRRR,291.0198696114837,00:04:51,['LLLLLRRRR'],1
1,T,4,10,2,LRLRLRLRLR,291.0198696114837,00:04:51,['LRLRLRLRLR'],1
1,T,4,10,3,RLRLRLRLRL,291.0198696114837,00:04:51,['RLRLRLRLRL'],1
1,T,4,10,0,LLLLLRRRRR,291.0198696114837,00:04:51,['LLLLLRRRRR'],1
1,T,4,9,2,LRLRLRLRL,291.0198696114837,00:04:51,['LRLRLRLRL'],1
1,L,6,8,3,RLRLRLRL,297.4073503395199,00:04:57,['RLRLRLRL'],1
1,L,6,9,1,RRRRRLLLL,297.4073503395199,00:04:57,['RRRRRLLLL'],1
1,L,6,8,2,LRLRLRLR,297.4073503395199,00:04:57,['LRLRLRLR'],1
1,L,6,8,1,RRRRLLLL,297.4073503395199,00:04:57,['RRRRLLLL'],1
1,L,6,8,0,LLLLRRRR,297.4073503395199,00:04:57,['LLLLRRRR'],1
1,L,6,7,2,LRLRLRL,297.4073503395199,00:04:57,['LRLRLRL'],1
1,L,6,7,0,LLLLRRR,297.4073503395199,00:04:57,['LLLLRRR'],1
1,L,6,9,3,RLRLRLRLR,297.4073503395199,00:04:57,['RLRLRLRLR'],1
1,L,7,10,3,RLRLRLRLRL,298.2007106386717,00:04:58,['RLRLRLRLRL'],1
1,L,7,10,0,LLLLLRRRRR,298.2007106386717,00:04:58,['LLLLLRRRRR'],1
1,L,7,9,2,LRLRLRLRL,298.2007106386717,00:04:58,['LRLRLRLRL'],1
1,L,7,9,0,LLLLLRRRR,298.2007106386717,00:04:58,['LLLLLRRRR'],1
1,L,7,10,1,RRRRRLLLLL,298.2007106386717,00:04:58,['RRRRRLLLLL'],1
1,L,7,10,2,LRLRLRLRLR,298.2007106386717,00:04:58,['LRLRLRLRLR'],1
1,L,2,6,3,RLRLRL,299.2899020449196,00:04:59,['RLRLRL'],1
1,L,2,6,1,RRRLLL,299.2899020449196,00:04:59,['RRRLLL'],1
1,L,2,6,0,LLLRRR,299.2899020449196,00:04:59,['LLLRRR'],1
1,L,2,5,2,LRLRL,299.2899020449196,00:04:59,['LRLRL'],1
1,L,2,5,0,LLLRR,299.2899020449196,00:04:59,['LLLRR'],1
1,L,2,7,3,RLRLRLR,299.2899020449196,00:04:59,['RLRLRLR'],1
1,L,2,7,1,RRRRLLL,299.2899020449196,00:04:59,['RRRRLLL'],1
1,L,2,6,2,LRLRLR,299.2899020449196,00:04:59,['LRLRLR'],1
1,BASELINE,5,5,2,LRLRL,302.43171677461777,00:05:02,['LRLRL'],1
1,BASELINE,5,4,3,RLRL,302.43171677461777,00:05:02,['RLRL'],1
1,BASELINE,5,4,2,LRLR,302.43171677461777,00:05:02,['LRLR'],1
1,BASELINE,5,3,1,RRL,302.43171677461777,00:05:02,['RRL'],1
1,BASELINE,5,4,1,RRLL,302.43171677461777,00:05:02,['RRLL'],1
1,BASELINE,5,3,3,RLR,302.43171677461777,00:05:02,['RLR'],1
1,BASELINE,5,4,0,LLRR,302.43171677461777,00:05:02,['LLRR'],1
1,BASELINE,5,5,0,LLLRR,302.43171677461777,00:05:02,['LLLRR'],1
1,T,4,7,0,LLLLRRR,305.054294125778,00:05:05,['LLLLRRR'],1
1,T,4,8,0,LLLLRRRR,305.054294125778,00:05:05,['LLLLRRRR'],1
1,T,4,8,1,RRRRLLLL,305.054294125778,00:05:05,['RRRRLLLL'],1
1,T,4,8,2,LRLRLRLR,305.054294125778,00:05:05,['LRLRLRLR'],1
1,T,4,7,2,LRLRLRL,305.054294125778,00:05:05,['LRLRLRL'],1
1,T,4,8,3,RLRLRLRL,305.054294125778,00:05:05,['RLRLRLRL'],1
1,T,4,9,1,RRRRRLLLL,305.054294125778,00:05:05,['RRRRRLLLL'],1
1,T,4,9,3,RLRLRLRLR,305.054294125778,00:05:05,['RLRLRLRLR'],1
1,BASELINE,6,7,0,LLLLRRR,306.4264595482829,00:05:06,['LLLLRRR'],1
1,BASELINE,6,7,2,LRLRLRL,306.4264595482829,00:05:06,['LRLRLRL'],1
1,BASELINE,6,6,2,LRLRLR,306.4264595482829,00:05:06,['LRLRLR'],1
1,BASELINE,6,5,3,RLRLR,306.4264595482829,00:05:06,['RLRLR'],1
1,BASELINE,6,6,0,LLLRRR,306.4264595482829,00:05:06,['LLLRRR'],1
1,BASELINE,6,6,1,RRRLLL,306.4264595482829,00:05:06,['RRRLLL'],1
1,BASELINE,6,6,3,RLRLRL,306.4264595482829,00:05:06,['RLRLRL'],1
1,BASELINE,6,5,1,RRRLL,306.4264595482829,00:05:06,['RRRLL'],1
1,T,5,10,2,LRLRLRLRLR,307.0198696114837,00:05:07,['LRLRLRLRLR'],1
1,T,5,9,2,LRLRLRLRL,307.0198696114837,00:05:07,['LRLRLRLRL'],1
1,T,5,10,3,RLRLRLRLRL,307.0198696114837,00:05:07,['RLRLRLRLRL'],1
1,T,5,10,0,LLLLLRRRRR,307.0198696114837,00:05:07,['LLLLLRRRRR'],1
1,T,5,9,0,LLLLLRRRR,307.0198696114837,00:05:07,['LLLLLRRRR'],1
1,T,5,10,1,RRRRRLLLLL,307.0198696114837,00:05:07,['RRRRRLLLLL'],1
1,L,7,8,3,RLRLRLRL,313.4073503395199,00:05:13,['RLRLRLRL'],1
1,L,7,9,3,RLRLRLRLR,313.4073503395199,00:05:13,['RLRLRLRLR'],1
1,L,7,8,2,LRLRLRLR,313.4073503395199,00:05:13,['LRLRLRLR'],1
1,L,7,8,1,RRRRLLLL,313.4073503395199,00:05:13,['RRRRLLLL'],1
1,L,7,8,0,LLLLRRRR,313.4073503395199,00:05:13,['LLLLRRRR'],1
1,L,7,7,2,LRLRLRL,313.4073503395199,00:05:13,['LRLRLRL'],1
1,L,7,7,0,LLLLRRR,313.4073503395199,00:05:13,['LLLLRRR'],1
1,L,7,9,1,RRRRRLLLL,313.4073503395199,00:05:13,['RRRRRLLLL'],1
1,L,8,9,2,LRLRLRLRL,314.2007106386717,00:05:14,['LRLRLRLRL'],1
1,L,8,9,0,LLLLLRRRR,314.2007106386717,00:05:14,['LLLLLRRRR'],1
1,L,8,10,1,RRRRRLLLLL,314.2007106386717,00:05:14,['RRRRRLLLLL'],1
1,L,8,10,0,LLLLLRRRRR,314.2007106386717,00:05:14,['LLLLLRRRRR'],1
1,L,8,10,2,LRLRLRLRLR,314.2007106386717,00:05:14,['LRLRLRLRLR'],1
1,L,8,10,3,RLRLRLRLRL,314.2007106386717,00:05:14,['RLRLRLRLRL'],1
1,T,2,6,3,RLRLRL,314.884226227692,00:05:15,['RLRLRL'],1
1,T,2,6,1,RRRLLL,314.884226227692,00:05:15,['RRRLLL'],1
1,T,2,7,1,RRRRLLL,314.884226227692,00:05:15,['RRRRLLL'],1
1,T,2,6,0,LLLRRR,314.884226227692,00:05:15,['LLLRRR'],1
1,T,2,7,3,RLRLRLR,314.884226227692,00:05:15,['RLRLRLR'],1
1,T,2,5,2,LRLRL,314.884226227692,00:05:15,['LRLRL'],1
1,T,2,5,0,LLLRR,314.884226227692,00:05:15,['LLLRR'],1
1,T,2,6,2,LRLRLR,314.884226227692,00:05:15,['LRLRLR'],1
1,BASELINE,6,5,2,LRLRL,318.43171677461777,00:05:18,['LRLRL'],1
1,BASELINE,6,5,0,LLLRR,318.43171677461777,00:05:18,['LLLRR'],1
1,BASELINE,6,4,3,RLRL,318.43171677461777,00:05:18,['RLRL'],1
1,BASELINE,6,4,2,LRLR,318.43171677461777,00:05:18,['LRLR'],1
1,BASELINE,6,4,1,RRLL,318.43171677461777,00:05:18,['RRLL'],1
1,BASELINE,6,3,3,RLR,318.43171677461777,00:05:18,['RLR'],1
1,BASELINE,6,4,0,LLRR,318.43171677461777,00:05:18,['LLRR'],1
1,BASELINE,6,3,1,RRL,318.43171677461777,00:05:18,['RRL'],1
1,T,5,8,2,LRLRLRLR,321.0542941257779,00:05:21,['LRLRLRLR'],1
1,T,5,8,3,RLRLRLRL,321.0542941257779,00:05:21,['RLRLRLRL'],1
1,T,5,9,1,RRRRRLLLL,321.0542941257779,00:05:21,['RRRRRLLLL'],1
1,T,5,8,0,LLLLRRRR,321.0542941257779,00:05:21,['LLLLRRRR'],1
1,T,5,8,1,RRRRLLLL,321.0542941257779,00:05:21,['RRRRLLLL'],1
1,T,5,9,3,RLRLRLRLR,321.0542941257779,00:05:21,['RLRLRLRLR'],1
1,T,5,7,0,LLLLRRR,321.0542941257779,00:05:21,['LLLLRRR'],1
1,T,5,7,2,LRLRLRL,321.0542941257779,00:05:21,['LRLRLRL'],1
1,BASELINE,7,7,0,LLLLRRR,322.4264595482829,00:05:22,['LLLLRRR'],1
1,BASELINE,7,6,2,LRLRLR,322.4264595482829,00:05:22,['LRLRLR'],1
1,BASELINE,7,7,2,LRLRLRL,322.4264595482829,00:05:22,['LRLRLRL'],1
1,BASELINE,7,6,1,RRRLLL,322.4264595482829,00:05:22,['RRRLLL'],1
1,BASELINE,7,6,0,LLLRRR,322.4264595482829,00:05:22,['LLLRRR'],1
1,BASELINE,7,5,3,RLRLR,322.4264595482829,00:05:22,['RLRLR'],1
1,BASELINE,7,5,1,RRRLL,322.4264595482829,00:05:22,['RRRLL'],1
1,BASELINE,7,6,3,RLRLRL,322.4264595482829,00:05:22,['RLRLRL'],1
1,T,6,10,3,RLRLRLRLRL,323.0198696114837,00:05:23,['RLRLRLRLRL'],1
1,T,6,10,2,LRLRLRLRLR,323.0198696114837,00:05:23,['LRLRLRLRLR'],1
1,T,6,10,1,RRRRRLLLLL,323.0198696114837,00:05:23,['RRRRRLLLLL'],1
1,T,6,9,2,LRLRLRLRL,323.0198696114837,00:05:23,['LRLRLRLRL'],1
1,T,6,10,0,LLLLLRRRRR,323.0198696114837,00:05:23,['LLLLLRRRRR'],1
1,T,6,9,0,LLLLLRRRR,323.0198696114837,00:05:23,['LLLLLRRRR'],1
1,L,3,5,2,LRLRL,323.2899020449196,00:05:23,['LRLRL'],1
1,L,3,5,0,LLLRR,323.2899020449196,00:05:23,['LLLRR'],1
1,L,3,7,3,RLRLRLR,323.2899020449196,00:05:23,['RLRLRLR'],1
1,L,3,7,1,RRRRLLL,323.2899020449196,00:05:23,['RRRRLLL'],1
1,L,3,6,1,RRRLLL,323.2899020449196,00:05:23,['RRRLLL'],1
1,L,3,6,3,RLRLRL,323.2899020449196,00:05:23,['RLRLRL'],1
1,L,3,6,0,LLLRRR,323.2899020449196,00:05:23,['LLLRRR'],1
1,L,3,6,2,LRLRLR,323.2899020449196,00:05:23,['LRLRLR'],1
1,L,8,7,2,LRLRLRL,329.4073503395199,00:05:29,['LRLRLRL'],1
1,L,8,8,2,LRLRLRLR,329.4073503395199,00:05:29,['LRLRLRLR'],1
1,L,8,8,1,RRRRLLLL,329.4073503395199,00:05:29,['RRRRLLLL'],1
1,L,8,9,3,RLRLRLRLR,329.4073503395199,00:05:29,['RLRLRLRLR'],1
1,L,8,9,1,RRRRRLLLL,329.4073503395199,00:05:29,['RRRRRLLLL'],1
1,L,8,7,0,LLLLRRR,329.4073503395199,00:05:29,['LLLLRRR'],1
1,L,8,8,3,RLRLRLRL,329.4073503395199,00:05:29,['RLRLRLRL'],1
1,L,8,8,0,LLLLRRRR,329.4073503395199,00:05:29,['LLLLRRRR'],1
1,L,9,9,0,LLLLLRRRR,330.2007106386717,00:05:30,['LLLLLRRRR'],1
1,L,9,10,3,RLRLRLRLRL,330.2007106386717,00:05:30,['RLRLRLRLRL'],1
1,L,9,9,2,LRLRLRLRL,330.2007106386717,00:05:30,['LRLRLRLRL'],1
1,L,9,10,1,RRRRRLLLLL,330.2007106386717,00:05:30,['RRRRRLLLLL'],1
1,L,9,10,0,LLLLLRRRRR,330.2007106386717,00:05:30,['LLLLLRRRRR'],1
1,L,9,10,2,LRLRLRLRLR,330.2007106386717,00:05:30,['LRLRLRLRLR'],1
1,BASELINE,1,2,1,RL,330.22492700373016,00:05:30,['RL'],1
1,BASELINE,1,2,0,LR,330.22492700373016,00:05:30,['LR'],1
1,BASELINE,1,3,2,LRL,330.22492700373016,00:05:30,['LRL'],1
1,BASELINE,1,3,0,LLR,330.22492700373016,00:05:30,['LLR'],1
1,BASELINE,7,5,2,LRLRL,334.4317167746178,00:05:34,['LRLRL'],1
1,BASELINE,7,5,0,LLLRR,334.4317167746178,00:05:34,['LLLRR'],1
1,BASELINE,7,4,3,RLRL,334.4317167746178,00:05:34,['RLRL'],1
1,BASELINE,7,4,2,LRLR,334.4317167746178,00:05:34,['LRLR'],1
1,BASELINE,7,4,1,RRLL,334.4317167746178,00:05:34,['RRLL'],1
1,BASELINE,7,4,0,LLRR,334.4317167746178,00:05:34,['LLRR'],1
1,BASELINE,7,3,3,RLR,334.4317167746178,00:05:34,['RLR'],1
1,BASELINE,7,3,1,RRL,334.4317167746178,00:05:34,['RRL'],1
1,T,6,7,0,LLLLRRR,337.0542941257779,00:05:37,['LLLLRRR'],1
1,T,6,8,1,RRRRLLLL,337.0542941257779,00:05:37,['RRRRLLLL'],1
1,T,6,8,2,LRLRLRLR,337.0542941257779,00:05:37,['LRLRLRLR'],1
1,T,6,8,3,RLRLRLRL,337.0542941257779,00:05:37,['RLRLRLRL'],1
1,T,6,7,2,LRLRLRL,337.0542941257779,00:05:37,['LRLRLRL'],1
1,T,6,8,0,LLLLRRRR,337.0542941257779,00:05:37,['LLLLRRRR'],1
1,T,6,9,3,RLRLRLRLR,337.0542941257779,00:05:37,['RLRLRLRLR'],1
1,T,6,9,1,RRRRRLLLL,337.0542941257779,00:05:37,['RRRRRLLLL'],1
1,BASELINE,8,5,1,RRRLL,338.4264595482829,00:05:38,['RRRLL'],1
1,BASELINE,8,7,2,LRLRLRL,338.4264595482829,00:05:38,['LRLRLRL'],1
1,BASELINE,8,6,3,RLRLRL,338.4264595482829,00:05:38,['RLRLRL'],1
1,BASELINE,8,6,2,LRLRLR,338.4264595482829,00:05:38,['LRLRLR'],1
1,BASELINE,8,6,1,RRRLLL,338.4264595482829,00:05:38,['RRRLLL'],1
1,BASELINE,8,7,0,LLLLRRR,338.4264595482829,00:05:38,['LLLLRRR'],1
1,BASELINE,8,6,0,LLLRRR,338.4264595482829,00:05:38,['LLLRRR'],1
1,BASELINE,8,5,3,RLRLR,338.4264595482829,00:05:38,['RLRLR'],1
1,T,3,6,1,RRRLLL,338.884226227692,00:05:39,['RRRLLL'],1
1,T,3,6,2,LRLRLR,338.884226227692,00:05:39,['LRLRLR'],1
1,T,3,7,3,RLRLRLR,338.884226227692,00:05:39,['RLRLRLR'],1
1,T,3,6,3,RLRLRL,338.884226227692,00:05:39,['RLRLRL'],1
1,T,3,5,2,LRLRL,338.884226227692,00:05:39,['LRLRL'],1
1,T,3,5,0,LLLRR,338.884226227692,00:05:39,['LLLRR'],1
1,T,3,7,1,RRRRLLL,338.884226227692,00:05:39,['RRRRLLL'],1
1,T,3,6,0,LLLRRR,338.884226227692,00:05:39,['LLLRRR'],1
1,T,7,10,3,RLRLRLRLRL,339.0198696114837,00:05:39,['RLRLRLRLRL'],1
1,T,7,9,0,LLLLLRRRR,339.0198696114837,00:05:39,['LLLLLRRRR'],1
1,T,7,9,2,LRLRLRLRL,339.0198696114837,00:05:39,['LRLRLRLRL'],1
1,T,7,10,0,LLLLLRRRRR,339.0198696114837,00:05:39,['LLLLLRRRRR'],1
1,T,7,10,1,RRRRRLLLLL,339.0198696114837,00:05:39,['RRRRRLLLLL'],1
1,T,7,10,2,LRLRLRLRLR,339.0198696114837,00:05:39,['LRLRLRLRLR'],1
1,T,1,5,3,RLRLR,341.16420750110433,00:05:41,['RLRLR'],1
1,T,1,5,1,RRRLL,341.16420750110433,00:05:41,['RRRLL'],1
1,T,1,4,3,RLRL,341.16420750110433,00:05:41,['RLRL'],1
1,T,1,4,2,LRLR,341.16420750110433,00:05:41,['LRLR'],1
1,T,1,4,1,RRLL,341.16420750110433,00:05:41,['RRLL'],1
1,T,1,3,2,LRL,341.16420750110433,00:05:41,['LRL'],1
1,T,1,3,0,LLR,341.16420750110433,00:05:41,['LLR'],1
1,T,1,4,0,LLRR,341.16420750110433,00:05:41,['LLRR'],1
1,L,9,9,1,RRRRRLLLL,345.4073503395199,00:05:45,['RRRRRLLLL'],1
1,L,9,9,3,RLRLRLRLR,345.4073503395199,00:05:45,['RLRLRLRLR'],1
1,L,9,8,3,RLRLRLRL,345.4073503395199,00:05:45,['RLRLRLRL'],1
1,L,9,8,2,LRLRLRLR,345.4073503395199,00:05:45,['LRLRLRLR'],1
1,L,9,8,1,RRRRLLLL,345.4073503395199,00:05:45,['RRRRLLLL'],1
1,L,9,7,0,LLLLRRR,345.4073503395199,00:05:45,['LLLLRRR'],1
1,L,9,7,2,LRLRLRL,345.4073503395199,00:05:45,['LRLRLRL'],1
1,L,9,8,0,LLLLRRRR,345.4073503395199,00:05:45,['LLLLRRRR'],1
1,L,10,9,0,LLLLLRRRR,346.2007106386717,00:05:46,['LLLLLRRRR'],1
1,L,10,10,1,RRRRRLLLLL,346.2007106386717,00:05:46,['RRRRRLLLLL'],1
1,L,10,9,2,LRLRLRLRL,346.2007106386717,00:05:46,['LRLRLRLRL'],1
1,L,10,10,0,LLLLLRRRRR,346.2007106386717,00:05:46,['LLLLLRRRRR'],1
1,L,10,10,3,RLRLRLRLRL,346.2007106386717,00:05:46,['RLRLRLRLRL'],1
1,L,10,10,2,LRLRLRLRLR,346.2007106386717,00:05:46,['LRLRLRLRLR'],1
1,L,4,5,0,LLLRR,347.2899020449196,00:05:47,['LLLRR'],1
1,L,4,6,2,LRLRLR,347.2899020449196,00:05:47,['LRLRLR'],1
1,L,4,6,3,RLRLRL,347.2899020449196,00:05:47,['RLRLRL'],1
1,L,4,7,1,RRRRLLL,347.2899020449196,00:05:47,['RRRRLLL'],1
1,L,4,7,3,RLRLRLR,347.2899020449196,00:05:47,['RLRLRLR'],1
1,L,4,6,1,RRRLLL,347.2899020449196,00:05:47,['RRRLLL'],1
1,L,4,6,0,LLLRRR,347.2899020449196,00:05:47,['LLLRRR'],1
1,L,4,5,2,LRLRL,347.2899020449196,00:05:47,['LRLRL'],1
1,BASELINE,8,3,3,RLR,350.4317167746178,00:05:50,['RLR'],1
1,BASELINE,8,5,2,LRLRL,350.4317167746178,00:05:50,['LRLRL'],1
1,BASELINE,8,5,0,LLLRR,350.4317167746178,00:05:50,['LLLRR'],1
1,BASELINE,8,4,3,RLRL,350.4317167746178,00:05:50,['RLRL'],1
1,BASELINE,8,4,2,LRLR,350.4317167746178,00:05:50,['LRLR'],1
1,BASELINE,8,4,1,RRLL,350.4317167746178,00:05:50,['RRLL'],1
1,BASELINE,8,4,0,LLRR,350.4317167746178,00:05:50,['LLRR'],1
1,BASELINE,8,3,1,RRL,350.4317167746178,00:05:50,['RRL'],1
1,L,1,3,0,LLR,352.0,00:05:52,['LLR'],1
1,L,1,4,3,RLRL,352.0,00:05:52,['RLRL'],1
1,L,1,5,3,RLRLR,352.0,00:05:52,['RLRLR'],1
1,L,1,3,2,LRL,352.0,00:05:52,['LRL'],1
1,L,1,4,2,LRLR,352.0,00:05:52,['LRLR'],1
1,L,1,5,1,RRRLL,352.0,00:05:52,['RRRLL'],1
1,L,1,4,1,RRLL,352.0,00:05:52,['RRLL'],1
1,L,1,4,0,LLRR,352.0,00:05:52,['LLRR'],1
1,T,7,8,0,LLLLRRRR,353.0542941257779,00:05:53,['LLLLRRRR'],1
1,T,7,8,2,LRLRLRLR,353.0542941257779,00:05:53,['LRLRLRLR'],1
1,T,7,9,1,RRRRRLLLL,353.0542941257779,00:05:53,['RRRRRLLLL'],1
1,T,7,7,2,LRLRLRL,353.0542941257779,00:05:53,['LRLRLRL'],1
1,T,7,8,3,RLRLRLRL,353.0542941257779,00:05:53,['RLRLRLRL'],1
1,T,7,9,3,RLRLRLRLR,353.0542941257779,00:05:53,['RLRLRLRLR'],1
1,T,7,8,1,RRRRLLLL,353.0542941257779,00:05:53,['RRRRLLLL'],1
1,T,7,7,0,LLLLRRR,353.0542941257779,00:05:53,['LLLLRRR'],1
1,BASELINE,9,5,3,RLRLR,354.4264595482829,00:05:54,['RLRLR'],1
1,BASELINE,9,6,0,LLLRRR,354.4264595482829,00:05:54,['LLLRRR'],1
1,BASELINE,9,6,1,RRRLLL,354.4264595482829,00:05:54,['RRRLLL'],1
1,BASELINE,9,6,2,LRLRLR,354.4264595482829,00:05:54,['LRLRLR'],1
1,BASELINE,9,7,2,LRLRLRL,354.4264595482829,00:05:54,['LRLRLRL'],1
1,BASELINE,9,7,0,LLLLRRR,354.4264595482829,00:05:54,['LLLLRRR'],1
1,BASELINE,9,5,1,RRRLL,354.4264595482829,00:05:54,['RRRLL'],1
1,BASELINE,9,6,3,RLRLRL,354.4264595482829,00:05:54,['RLRLRL'],1
1,T,8,9,0,LLLLLRRRR,355.0198696114837,00:05:55,['LLLLLRRRR'],1
1,T,8,9,2,LRLRLRLRL,355.0198696114837,00:05:55,['LRLRLRLRL'],1
1,T,8,10,0,LLLLLRRRRR,355.0198696114837,00:05:55,['LLLLLRRRRR'],1
1,T,8,10,1,RRRRRLLLLL,355.0198696114837,00:05:55,['RRRRRLLLLL'],1
1,T,8,10,2,LRLRLRLRLR,355.0198696114837,00:05:55,['LRLRLRLRLR'],1
1,T,8,10,3,RLRLRLRLRL,355.0198696114837,00:05:55,['RLRLRLRLRL'],1
1,L,10,8,3,RLRLRLRL,361.4073503395199,00:06:01,['RLRLRLRL'],1
1,L,10,9,1,RRRRRLLLL,361.4073503395199,00:06:01,['RRRRRLLLL'],1
1,L,10,8,2,LRLRLRLR,361.4073503395199,00:06:01,['LRLRLRLR'],1
1,L,10,8,1,RRRRLLLL,361.4073503395199,00:06:01,['RRRRLLLL'],1
1,L,10,8,0,LLLLRRRR,361.4073503395199,00:06:01,['LLLLRRRR'],1
1,L,10,7,2,LRLRLRL,361.4073503395199,00:06:01,['LRLRLRL'],1
1,L,10,7,0,LLLLRRR,361.4073503395199,00:06:01,['LLLLRRR'],1
1,L,10,9,3,RLRLRLRLR,361.4073503395199,00:06:01,['RLRLRLRLR'],1
1,BASELINE,2,2,0,LR,362.22492700373016,00:06:02,['LR'],1
1,BASELINE,2,2,1,RL,362.22492700373016,00:06:02,['RL'],1
1,BASELINE,2,3,0,LLR,362.22492700373016,00:06:02,['LLR'],1
1,BASELINE,2,3,2,LRL,362.22492700373016,00:06:02,['LRL'],1
1,T,4,5,0,LLLRR,362.884226227692,00:06:03,['LLLRR'],1
1,T,4,5,2,LRLRL,362.884226227692,00:06:03,['LRLRL'],1
1,T,4,7,1,RRRRLLL,362.884226227692,00:06:03,['RRRRLLL'],1
1,T,4,7,3,RLRLRLR,362.884226227692,00:06:03,['RLRLRLR'],1
1,T,4,6,2,LRLRLR,362.884226227692,00:06:03,['LRLRLR'],1
1,T,4,6,3,RLRLRL,362.884226227692,00:06:03,['RLRLRL'],1
1,T,4,6,1,RRRLLL,362.884226227692,00:06:03,['RRRLLL'],1
1,T,4,6,0,LLLRRR,362.884226227692,00:06:03,['LLLRRR'],1
1,BASELINE,9,5,0,LLLRR,366.4317167746178,00:06:06,['LLLRR'],1
1,BASELINE,9,5,2,LRLRL,366.4317167746178,00:06:06,['LRLRL'],1
1,BASELINE,9,3,1,RRL,366.4317167746178,00:06:06,['RRL'],1
1,BASELINE,9,4,3,RLRL,366.4317167746178,00:06:06,['RLRL'],1
1,BASELINE,9,3,3,RLR,366.4317167746178,00:06:06,['RLR'],1
1,BASELINE,9,4,0,LLRR,366.4317167746178,00:06:06,['LLRR'],1
1,BASELINE,9,4,1,RRLL,366.4317167746178,00:06:06,['RRLL'],1
1,BASELINE,9,4,2,LRLR,366.4317167746178,00:06:06,['LRLR'],1
1,T,8,7,2,LRLRLRL,369.0542941257779,00:06:09,['LRLRLRL'],1
1,T,8,7,0,LLLLRRR,369.0542941257779,00:06:09,['LLLLRRR'],1
1,T,8,8,2,LRLRLRLR,369.0542941257779,00:06:09,['LRLRLRLR'],1
1,T,8,8,3,RLRLRLRL,369.0542941257779,00:06:09,['RLRLRLRL'],1
1,T,8,8,0,LLLLRRRR,369.0542941257779,00:06:09,['LLLLRRRR'],1
1,T,8,9,3,RLRLRLRLR,369.0542941257779,00:06:09,['RLRLRLRLR'],1
1,T,8,9,1,RRRRRLLLL,369.0542941257779,00:06:09,['RRRRRLLLL'],1
1,T,8,8,1,RRRRLLLL,369.0542941257779,00:06:09,['RRRRLLLL'],1
1,BASELINE,10,5,1,RRRLL,370.4264595482829,00:06:10,['RRRLL'],1
1,BASELINE,10,5,3,RLRLR,370.4264595482829,00:06:10,['RLRLR'],1
1,BASELINE,10,6,0,LLLRRR,370.4264595482829,00:06:10,['LLLRRR'],1
1,BASELINE,10,6,1,RRRLLL,370.4264595482829,00:06:10,['RRRLLL'],1
1,BASELINE,10,6,2,LRLRLR,370.4264595482829,00:06:10,['LRLRLR'],1
1,BASELINE,10,6,3,RLRLRL,370.4264595482829,00:06:10,['RLRLRL'],1
1,BASELINE,10,7,0,LLLLRRR,370.4264595482829,00:06:10,['LLLLRRR'],1
1,BASELINE,10,7,2,LRLRLRL,370.4264595482829,00:06:10,['LRLRLRL'],1
1,T,9,9,0,LLLLLRRRR,371.0198696114837,00:06:11,['LLLLLRRRR'],1
1,T,9,9,2,LRLRLRLRL,371.0198696114837,00:06:11,['LRLRLRLRL'],1
1,T,9,10,1,RRRRRLLLLL,371.0198696114837,00:06:11,['RRRRRLLLLL'],1
1,T,9,10,2,LRLRLRLRLR,371.0198696114837,00:06:11,['LRLRLRLRLR'],1
1,T,9,10,3,RLRLRLRLRL,371.0198696114837,00:06:11,['RLRLRLRLRL'],1
1,T,9,10,0,LLLLLRRRRR,371.0198696114837,00:06:11,['LLLLLRRRRR'],1
1,L,5,7,3,RLRLRLR,371.2899020449196,00:06:11,['RLRLRLR'],1
1,L,5,5,0,LLLRR,371.2899020449196,00:06:11,['LLLRR'],1
1,L,5,5,2,LRLRL,371.2899020449196,00:06:11,['LRLRL'],1
1,L,5,6,0,LLLRRR,371.2899020449196,00:06:11,['LLLRRR'],1
1,L,5,6,1,RRRLLL,371.2899020449196,00:06:11,['RRRLLL'],1
1,L,5,6,2,LRLRLR,371.2899020449196,00:06:11,['LRLRLR'],1
1,L,5,6,3,RLRLRL,371.2899020449196,00:06:11,['RLRLRL'],1
1,L,5,7,1,RRRRLLL,371.2899020449196,00:06:11,['RRRRLLL'],1
1,T,2,5,3,RLRLR,373.1642075011045,00:06:13,['RLRLR'],1
1,T,2,5,1,RRRLL,373.1642075011045,00:06:13,['RRRLL'],1
1,T,2,4,3,RLRL,373.1642075011045,00:06:13,['RLRL'],1
1,T,2,4,2,LRLR,373.1642075011045,00:06:13,['LRLR'],1
1,T,2,4,1,RRLL,373.1642075011045,00:06:13,['RRLL'],1
1,T,2,4,0,LLRR,373.1642075011045,00:06:13,['LLRR'],1
1,T,2,3,2,LRL,373.1642075011045,00:06:13,['LRL'],1
1,T,2,3,0,LLR,373.1642075011045,00:06:13,['LLR'],1
1,BASELINE,10,3,1,RRL,382.4317167746178,00:06:22,['RRL'],1
1,BASELINE,10,4,0,LLRR,382.4317167746178,00:06:22,['LLRR'],1
1,BASELINE,10,5,2,LRLRL,382.4317167746178,00:06:22,['LRLRL'],1
1,BASELINE,10,5,0,LLLRR,382.4317167746178,00:06:22,['LLLRR'],1
1,BASELINE,10,3,3,RLR,382.4317167746178,00:06:22,['RLR'],1
1,BASELINE,10,4,3,RLRL,382.4317167746178,00:06:22,['RLRL'],1
1,BASELINE,10,4,2,LRLR,382.4317167746178,00:06:22,['LRLR'],1
1,BASELINE,10,4,1,RRLL,382.4317167746178,00:06:22,['RRLL'],1
1,L,2,5,1,RRRLL,384.0,00:06:24,['RRRLL'],1
1,L,2,4,3,RLRL,384.0,00:06:24,['RLRL'],1
1,L,2,4,1,RRLL,384.0,00:06:24,['RRLL'],1
1,L,2,4,0,LLRR,384.0,00:06:24,['LLRR'],1
1,L,2,3,2,LRL,384.0,00:06:24,['LRL'],1
1,L,2,5,3,RLRLR,384.0,00:06:24,['RLRLR'],1
1,L,2,4,2,LRLR,384.0,00:06:24,['LRLR'],1
1,L,2,3,0,LLR,384.0,00:06:24,['LLR'],1
1,T,9,7,2,LRLRLRL,385.0542941257779,00:06:25,['LRLRLRL'],1
1,T,9,8,0,LLLLRRRR,385.0542941257779,00:06:25,['LLLLRRRR'],1
1,T,9,8,1,RRRRLLLL,385.0542941257779,00:06:25,['RRRRLLLL'],1
1,T,9,8,2,LRLRLRLR,385.0542941257779,00:06:25,['LRLRLRLR'],1
1,T,9,8,3,RLRLRLRL,385.0542941257779,00:06:25,['RLRLRLRL'],1
1,T,9,9,1,RRRRRLLLL,385.0542941257779,00:06:25,['RRRRRLLLL'],1
1,T,9,9,3,RLRLRLRLR,385.0542941257779,00:06:25,['RLRLRLRLR'],1
1,T,9,7,0,LLLLRRR,385.0542941257779,00:06:25,['LLLLRRR'],1
1,T,5,5,0,LLLRR,386.884226227692,00:06:27,['LLLRR'],1
1,T,5,7,3,RLRLRLR,386.884226227692,00:06:27,['RLRLRLR'],1
1,T,5,5,2,LRLRL,386.884226227692,00:06:27,['LRLRL'],1
1,T,5,7,1,RRRRLLL,386.884226227692,00:06:27,['RRRRLLL'],1
1,T,5,6,3,RLRLRL,386.884226227692,00:06:27,['RLRLRL'],1
1,T,5,6,2,LRLRLR,386.884226227692,00:06:27,['LRLRLR'],1
1,T,5,6,0,LLLRRR,386.884226227692,00:06:27,['LLLRRR'],1
1,T,5,6,1,RRRLLL,386.884226227692,00:06:27,['RRRLLL'],1
1,T,10,10,2,LRLRLRLRLR,387.0198696114837,00:06:27,['LRLRLRLRLR'],1
1,T,10,9,0,LLLLLRRRR,387.0198696114837,00:06:27,['LLLLLRRRR'],1
1,T,10,10,0,LLLLLRRRRR,387.0198696114837,00:06:27,['LLLLLRRRRR'],1
1,T,10,10,1,RRRRRLLLLL,387.0198696114837,00:06:27,['RRRRRLLLLL'],1
1,T,10,10,3,RLRLRLRLRL,387.0198696114837,00:06:27,['RLRLRLRLRL'],1
1,T,10,9,2,LRLRLRLRL,387.0198696114837,00:06:27,['LRLRLRLRL'],1
1,BASELINE,3,2,0,LR,394.22492700373016,00:06:34,['LR'],1
1,BASELINE,3,2,1,RL,394.22492700373016,00:06:34,['RL'],1
1,BASELINE,3,3,0,LLR,394.22492700373016,00:06:34,['LLR'],1
1,BASELINE,3,3,2,LRL,394.22492700373016,00:06:34,['LRL'],1
1,L,6,5,0,LLLRR,395.2899020449196,00:06:35,['LLLRR'],1
1,L,6,7,3,RLRLRLR,395.2899020449196,00:06:35,['RLRLRLR'],1
1,L,6,6,3,RLRLRL,395.2899020449196,00:06:35,['RLRLRL'],1
1,L,6,7,1,RRRRLLL,395.2899020449196,00:06:35,['RRRRLLL'],1
1,L,6,6,1,RRRLLL,395.2899020449196,00:06:35,['RRRLLL'],1
1,L,6,6,0,LLLRRR,395.2899020449196,00:06:35,['LLLRRR'],1
1,L,6,5,2,LRLRL,395.2899020449196,00:06:35,['LRLRL'],1
1,L,6,6,2,LRLRLR,395.2899020449196,00:06:35,['LRLRLR'],1
2,L,1,10,3,RLRLRLRLRL,395.6117391217525,00:06:36,['RLRLRLRLRL'],1
2,L,1,10,2,LRLRLRLRLR,395.6117391217525,00:06:36,['LRLRLRLRLR'],1
2,L,1,10,1,RRRRRLLLLL,395.6117391217525,00:06:36,['RRRRRLLLLL'],1
2,L,1,10,0,LLLLLRRRRR,395.6117391217525,00:06:36,['LLLLLRRRRR'],1
1,T,10,7,0,LLLLRRR,401.0542941257779,00:06:41,['LLLLRRR'],1
1,T,10,7,2,LRLRLRL,401.0542941257779,00:06:41,['LRLRLRL'],1
1,T,10,8,0,LLLLRRRR,401.0542941257779,00:06:41,['LLLLRRRR'],1
1,T,10,8,1,RRRRLLLL,401.0542941257779,00:06:41,['RRRRLLLL'],1
1,T,10,8,2,LRLRLRLR,401.0542941257779,00:06:41,['LRLRLRLR'],1
1,T,10,8,3,RLRLRLRL,401.0542941257779,00:06:41,['RLRLRLRL'],1
1,T,10,9,1,RRRRRLLLL,401.0542941257779,00:06:41,['RRRRRLLLL'],1
1,T,10,9,3,RLRLRLRLR,401.0542941257779,00:06:41,['RLRLRLRLR'],1
1,T,3,4,1,RRLL,405.1642075011045,00:06:45,['RRLL'],1
1,T,3,3,0,LLR,405.1642075011045,00:06:45,['LLR'],1
1,T,3,4,3,RLRL,405.1642075011045,00:06:45,['RLRL'],1
1,T,3,4,0,LLRR,405.1642075011045,00:06:45,['LLRR'],1
1,T,3,5,1,RRRLL,405.1642075011045,00:06:45,['RRRLL'],1
1,T,3,5,3,RLRLR,405.1642075011045,00:06:45,['RLRLR'],1
1,T,3,3,2,LRL,405.1642075011045,00:06:45,['LRL'],1
1,T,3,4,2,LRLR,405.1642075011045,00:06:45,['LRLR'],1
1,T,6,6,3,RLRLRL,410.884226227692,00:06:51,['RLRLRL'],1
1,T,6,5,2,LRLRL,410.884226227692,00:06:51,['LRLRL'],1
1,T,6,6,0,LLLRRR,410.884226227692,00:06:51,['LLLRRR'],1
1,T,6,6,2,LRLRLR,410.884226227692,00:06:51,['LRLRLR'],1
1,T,6,7,3,RLRLRLR,410.884226227692,00:06:51,['RLRLRLR'],1
1,T,6,5,0,LLLRR,410.884226227692,00:06:51,['LLLRR'],1
1,T,6,7,1,RRRRLLL,410.884226227692,00:06:51,['RRRRLLL'],1
1,T,6,6,1,RRRLLL,410.884226227692,00:06:51,['RRRLLL'],1
2,L,2,10,2,LRLRLRLRLR,411.6117391217525,00:06:52,['LRLRLRLRLR'],1
2,L,2,10,1,RRRRRLLLLL,411.6117391217525,00:06:52,['RRRRRLLLLL'],1
2,L,2,10,3,RLRLRLRLRL,411.6117391217525,00:06:52,['RLRLRLRLRL'],1
2,L,2,10,0,LLLLLRRRRR,411.6117391217525,00:06:52,['LLLLLRRRRR'],1
1,L,3,4,1,RRLL,416.0,00:06:56,['RRLL'],1
1,L,3,4,2,LRLR,416.0,00:06:56,['LRLR'],1
1,L,3,4,3,RLRL,416.0,00:06:56,['RLRL'],1
1,L,3,5,1,RRRLL,416.0,00:06:56,['RRRLL'],1
1,L,3,3,2,LRL,416.0,00:06:56,['LRL'],1
1,L,3,3,0,LLR,416.0,00:06:56,['LLR'],1
1,L,3,4,0,LLRR,416.0,00:06:56,['LLRR'],1
1,L,3,5,3,RLRLR,416.0,00:06:56,['RLRLR'],1
1,L,7,7,3,RLRLRLR,419.2899020449196,00:06:59,['RLRLRLR'],1
1,L,7,7,1,RRRRLLL,419.2899020449196,00:06:59,['RRRRLLL'],1
1,L,7,5,0,LLLRR,419.2899020449196,00:06:59,['LLLRR'],1
1,L,7,5,2,LRLRL,419.2899020449196,00:06:59,['LRLRL'],1
1,L,7,6,0,LLLRRR,419.2899020449196,00:06:59,['LLLRRR'],1
1,L,7,6,1,RRRLLL,419.2899020449196,00:06:59,['RRRLLL'],1
1,L,7,6,2,LRLRLR,419.2899020449196,00:06:59,['LRLRLR'],1
1,L,7,6,3,RLRLRL,419.2899020449196,00:06:59,['RLRLRL'],1
1,BASELINE,1,1,0,L,423.6098348886976,00:07:04,['L'],1
1,BASELINE,1,1,1,R,423.6098348886976,00:07:04,['R'],1
1,BASELINE,4,2,1,RL,426.22492700373016,00:07:06,['RL'],1
1,BASELINE,4,3,0,LLR,426.22492700373016,00:07:06,['LLR'],1
1,BASELINE,4,3,2,LRL,426.22492700373016,00:07:06,['LRL'],1
1,BASELINE,4,2,0,LR,426.22492700373016,00:07:06,['LR'],1
2,L,3,10,2,LRLRLRLRLR,427.6117391217525,00:07:08,['LRLRLRLRLR'],1
2,L,3,10,1,RRRRRLLLLL,427.6117391217525,00:07:08,['RRRRRLLLLL'],1
2,L,3,10,0,LLLLLRRRRR,427.6117391217525,00:07:08,['LLLLLRRRRR'],1
2,L,3,10,3,RLRLRLRLRL,427.6117391217525,00:07:08,['RLRLRLRLRL'],1
1,T,7,6,3,RLRLRL,434.884226227692,00:07:15,['RLRLRL'],1
1,T,7,6,1,RRRLLL,434.884226227692,00:07:15,['RRRLLL'],1
1,T,7,6,2,LRLRLR,434.884226227692,00:07:15,['LRLRLR'],1
1,T,7,7,3,RLRLRLR,434.884226227692,00:07:15,['RLRLRLR'],1
1,T,7,5,0,LLLRR,434.884226227692,00:07:15,['LLLRR'],1
1,T,7,7,1,RRRRLLL,434.884226227692,00:07:15,['RRRRLLL'],1
1,T,7,5,2,LRLRL,434.884226227692,00:07:15,['LRLRL'],1
1,T,7,6,0,LLLRRR,434.884226227692,00:07:15,['LLLRRR'],1
1,T,4,3,2,LRL,437.1642075011045,00:07:17,['LRL'],1
1,T,4,4,3,RLRL,437.1642075011045,00:07:17,['RLRL'],1
1,T,4,4,0,LLRR,437.1642075011045,00:07:17,['LLRR'],1
1,T,4,4,1,RRLL,437.1642075011045,00:07:17,['RRLL'],1
1,T,4,4,2,LRLR,437.1642075011045,00:07:17,['LRLR'],1
1,T,4,5,1,RRRLL,437.1642075011045,00:07:17,['RRRLL'],1
1,T,4,3,0,LLR,437.1642075011045,00:07:17,['LLR'],1
1,T,4,5,3,RLRLR,437.1642075011045,00:07:17,['RLRLR'],1
1,L,8,7,3,RLRLRLR,443.2899020449196,00:07:23,['RLRLRLR'],1
1,L,8,6,3,RLRLRL,443.2899020449196,00:07:23,['RLRLRL'],1
1,L,8,6,2,LRLRLR,443.2899020449196,00:07:23,['LRLRLR'],1
1,L,8,6,1,RRRLLL,443.2899020449196,00:07:23,['RRRLLL'],1
1,L,8,6,0,LLLRRR,443.2899020449196,00:07:23,['LLLRRR'],1
1,L,8,5,2,LRLRL,443.2899020449196,00:07:23,['LRLRL'],1
1,L,8,7,1,RRRRLLL,443.2899020449196,00:07:23,['RRRRLLL'],1
1,L,8,5,0,LLLRR,443.2899020449196,00:07:23,['LLLRR'],1
2,BASELINE,1,9,1,RRRRRLLLL,443.43802981535254,00:07:23,['RRRRRLLLL'],1
2,BASELINE,1,9,3,RLRLRLRLR,443.43802981535254,00:07:23,['RLRLRLRLR'],1
2,BASELINE,1,10,0,LLLLLRRRRR,443.43802981535254,00:07:23,['LLLLLRRRRR'],1
2,BASELINE,1,10,1,RRRRRLLLLL,443.43802981535254,00:07:23,['RRRRRLLLLL'],1
2,BASELINE,1,10,2,LRLRLRLRLR,443.43802981535254,00:07:23,['LRLRLRLRLR'],1
2,BASELINE,1,10,3,RLRLRLRLRL,443.43802981535254,00:07:23,['RLRLRLRLRL'],1
2,L,4,10,2,LRLRLRLRLR,443.6117391217525,00:07:24,['LRLRLRLRLR'],1
2,L,4,10,1,RRRRRLLLLL,443.6117391217525,00:07:24,['RRRRRLLLLL'],1
2,L,4,10,0,LLLLLRRRRR,443.6117391217525,00:07:24,['LLLLLRRRRR'],1
2,L,4,10,3,RLRLRLRLRL,443.6117391217525,00:07:24,['RLRLRLRLRL'],1
1,L,4,3,0,LLR,448.00000000000006,00:07:28,['LLR'],1
1,L,4,4,3,RLRL,448.00000000000006,00:07:28,['RLRL'],1
1,L,4,4,2,LRLR,448.00000000000006,00:07:28,['LRLR'],1
1,L,4,5,1,RRRLL,448.00000000000006,00:07:28,['RRRLL'],1
1,L,4,5,3,RLRLR,448.00000000000006,00:07:28,['RLRLR'],1
1,L,4,3,2,LRL,448.00000000000006,00:07:28,['LRL'],1
1,L,4,4,1,RRLL,448.00000000000006,00:07:28,['RRLL'],1
1,L,4,4,0,LLRR,448.00000000000006,00:07:28,['LLRR'],1
1,T,1,2,1,RL,455.16420750110433,00:07:35,['RL'],1
1,T,1,2,0,LR,455.16420750110433,00:07:35,['LR'],1
1,T,1,3,1,RRL,455.16420750110433,00:07:35,['RRL'],1
1,T,1,3,3,RLR,455.16420750110433,00:07:35,['RLR'],1
1,BASELINE,5,3,2,LRL,458.22492700373016,00:07:38,['LRL'],1
1,BASELINE,5,3,0,LLR,458.22492700373016,00:07:38,['LLR'],1
1,BASELINE,5,2,1,RL,458.22492700373016,00:07:38,['RL'],1
1,BASELINE,5,2,0,LR,458.22492700373016,00:07:38,['LR'],1
1,T,8,5,0,LLLRR,458.884226227692,00:07:39,['LLLRR'],1
1,T,8,5,2,LRLRL,458.884226227692,00:07:39,['LRLRL'],1
1,T,8,6,1,RRRLLL,458.884226227692,00:07:39,['RRRLLL'],1
1,T,8,6,2,LRLRLR,458.884226227692,00:07:39,['LRLRLR'],1
1,T,8,6,3,RLRLRL,458.884226227692,00:07:39,['RLRLRL'],1
1,T,8,6,0,LLLRRR,458.884226227692,00:07:39,['LLLRRR'],1
1,T,8,7,3,RLRLRLR,458.884226227692,00:07:39,['RLRLRLR'],1
1,T,8,7,1,RRRRLLL,458.884226227692,00:07:39,['RRRRLLL'],1
2,BASELINE,2,9,3,RLRLRLRLR,459.43802981535254,00:07:39,['RLRLRLRLR'],1
2,BASELINE,2,10,2,LRLRLRLRLR,459.43802981535254,00:07:39,['LRLRLRLRLR'],1
2,BASELINE,2,10,0,LLLLLRRRRR,459.43802981535254,00:07:39,['LLLLLRRRRR'],1
2,BASELINE,2,10,3,RLRLRLRLRL,459.43802981535254,00:07:39,['RLRLRLRLRL'],1
2,BASELINE,2,10,1,RRRRRLLLLL,459.43802981535254,00:07:39,['RRRRRLLLLL'],1
2,BASELINE,2,9,1,RRRRRLLLL,459.43802981535254,00:07:39,['RRRRRLLLL'],1
2,L,5,10,2,LRLRLRLRLR,459.6117391217525,00:07:40,['LRLRLRLRLR'],1
2,L,5,10,1,RRRRRLLLLL,459.6117391217525,00:07:40,['RRRRRLLLLL'],1
2,L,5,10,0,LLLLLRRRRR,459.6117391217525,00:07:40,['LLLLLRRRRR'],1
2,L,5,10,3,RLRLRLRLRL,459.6117391217525,00:07:40,['RLRLRLRLRL'],1
1,L,9,5,2,LRLRL,467.2899020449196,00:07:47,['LRLRL'],1
1,L,9,5,0,LLLRR,467.2899020449196,00:07:47,['LLLRR'],1
1,L,9,6,1,RRRLLL,467.2899020449196,00:07:47,['RRRLLL'],1
1,L,9,7,3,RLRLRLR,467.2899020449196,00:07:47,['RLRLRLR'],1
1,L,9,7,1,RRRRLLL,467.2899020449196,00:07:47,['RRRRLLL'],1
1,L,9,6,0,LLLRRR,467.2899020449196,00:07:47,['LLLRRR'],1
1,L,9,6,2,LRLRLR,467.2899020449196,00:07:47,['LRLRLR'],1
1,L,9,6,3,RLRLRL,467.2899020449196,00:07:47,['RLRLRL'],1
1,T,5,5,3,RLRLR,469.1642075011045,00:07:49,['RLRLR'],1
1,T,5,4,1,RRLL,469.1642075011045,00:07:49,['RRLL'],1
1,T,5,3,2,LRL,469.1642075011045,00:07:49,['LRL'],1
1,T,5,3,0,LLR,469.1642075011045,00:07:49,['LLR'],1
1,T,5,4,2,LRLR,469.1642075011045,00:07:49,['LRLR'],1
1,T,5,4,3,RLRL,469.1642075011045,00:07:49,['RLRL'],1
1,T,5,5,1,RRRLL,469.1642075011045,00:07:49,['RRRLL'],1
1,T,5,4,0,LLRR,469.1642075011045,00:07:49,['LLRR'],1
1,BASELINE,2,1,1,R,471.6098348886976,00:07:52,['R'],1
1,BASELINE,2,1,0,L,471.6098348886976,00:07:52,['L'],1
2,L,1,9,1,RRRRRLLLL,474.4623783238778,00:07:54,['RRRRRLLLL'],1
2,L,1,9,3,RLRLRLRLR,474.4623783238778,00:07:54,['RLRLRLRLR'],1
2,BASELINE,3,10,3,RLRLRLRLRL,475.43802981535254,00:07:55,['RLRLRLRLRL'],1
2,BASELINE,3,10,2,LRLRLRLRLR,475.43802981535254,00:07:55,['LRLRLRLRLR'],1
2,BASELINE,3,10,1,RRRRRLLLLL,475.43802981535254,00:07:55,['RRRRRLLLLL'],1
2,BASELINE,3,10,0,LLLLLRRRRR,475.43802981535254,00:07:55,['LLLLLRRRRR'],1
2,BASELINE,3,9,3,RLRLRLRLR,475.43802981535254,00:07:55,['RLRLRLRLR'],1
2,BASELINE,3,9,1,RRRRRLLLL,475.43802981535254,00:07:55,['RRRRRLLLL'],1
2,L,6,10,2,LRLRLRLRLR,475.6117391217525,00:07:56,['LRLRLRLRLR'],1
2,L,6,10,1,RRRRRLLLLL,475.6117391217525,00:07:56,['RRRRRLLLLL'],1
2,L,6,10,0,LLLLLRRRRR,475.6117391217525,00:07:56,['LLLLLRRRRR'],1
2,L,6,10,3,RLRLRLRLRL,475.6117391217525,00:07:56,['RLRLRLRLRL'],1
1,L,1,3,1,RRL,476.2933583021169,00:07:56,['RRL'],1
1,L,1,2,1,RL,476.2933583021169,00:07:56,['RL'],1
1,L,1,2,0,LR,476.2933583021169,00:07:56,['LR'],1
1,L,1,3,3,RLR,476.2933583021169,00:07:56,['RLR'],1
1,L,5,3,2,LRL,480.00000000000006,00:08:00,['LRL'],1
1,L,5,5,1,RRRLL,480.00000000000006,00:08:00,['RRRLL'],1
1,L,5,4,3,RLRL,480.00000000000006,00:08:00,['RLRL'],1
1,L,5,3,0,LLR,480.00000000000006,00:08:00,['LLR'],1
1,L,5,4,2,LRLR,480.00000000000006,00:08:00,['LRLR'],1
1,L,5,5,3,RLRLR,480.00000000000006,00:08:00,['RLRLR'],1
1,L,5,4,1,RRLL,480.00000000000006,00:08:00,['RRLL'],1
1,L,5,4,0,LLRR,480.00000000000006,00:08:00,['LLRR'],1
1,T,9,5,2,LRLRL,482.884226227692,00:08:03,['LRLRL'],1
1,T,9,6,1,RRRLLL,482.884226227692,00:08:03,['RRRLLL'],1
1,T,9,6,2,LRLRLR,482.884226227692,00:08:03,['LRLRLR'],1
1,T,9,6,3,RLRLRL,482.884226227692,00:08:03,['RLRLRL'],1
1,T,9,7,1,RRRRLLL,482.884226227692,00:08:03,['RRRRLLL'],1
1,T,9,7,3,RLRLRLR,482.884226227692,00:08:03,['RLRLRLR'],1
1,T,9,5,0,LLLRR,482.884226227692,00:08:03,['LLLRR'],1
1,T,9,6,0,LLLRRR,482.884226227692,00:08:03,['LLLRRR'],1
2,BASELINE,1,9,2,LRLRLRLRL,483.6933372858086,00:08:04,['LRLRLRLRL'],1
2,BASELINE,1,9,0,LLLLLRRRR,483.6933372858086,00:08:04,['LLLLLRRRR'],1
2,BASELINE,1,7,3,RLRLRLR,483.6933372858086,00:08:04,['RLRLRLR'],1
2,BASELINE,1,8,3,RLRLRLRL,483.6933372858086,00:08:04,['RLRLRLRL'],1
2,BASELINE,1,8,2,LRLRLRLR,483.6933372858086,00:08:04,['LRLRLRLR'],1
2,BASELINE,1,8,1,RRRRLLLL,483.6933372858086,00:08:04,['RRRRLLLL'],1
2,BASELINE,1,7,1,RRRRLLL,483.6933372858086,00:08:04,['RRRRLLL'],1
2,BASELINE,1,8,0,LLLLRRRR,483.6933372858086,00:08:04,['LLLLRRRR'],1
1,BASELINE,6,2,1,RL,490.22492700373016,00:08:10,['RL'],1
1,BASELINE,6,3,0,LLR,490.22492700373016,00:08:10,['LLR'],1
1,BASELINE,6,3,2,LRL,490.22492700373016,00:08:10,['LRL'],1
1,BASELINE,6,2,0,LR,490.22492700373016,00:08:10,['LR'],1
1,L,10,7,3,RLRLRLR,491.2899020449196,00:08:11,['RLRLRLR'],1
1,L,10,7,1,RRRRLLL,491.2899020449196,00:08:11,['RRRRLLL'],1
1,L,10,6,3,RLRLRL,491.2899020449196,00:08:11,['RLRLRL'],1
1,L,10,6,2,LRLRLR,491.2899020449196,00:08:11,['LRLRLR'],1
1,L,10,6,1,RRRLLL,491.2899020449196,00:08:11,['RRRLLL'],1
1,L,10,6,0,LLLRRR,491.2899020449196,00:08:11,['LLLRRR'],1
1,L,10,5,2,LRLRL,491.2899020449196,00:08:11,['LRLRL'],1
1,L,10,5,0,LLLRR,491.2899020449196,00:08:11,['LLLRR'],1
2,BASELINE,4,10,2,LRLRLRLRLR,491.43802981535254,00:08:11,['LRLRLRLRLR'],1
2,BASELINE,4,10,1,RRRRRLLLLL,491.43802981535254,00:08:11,['RRRRRLLLLL'],1
2,BASELINE,4,9,1,RRRRRLLLL,491.43802981535254,00:08:11,['RRRRRLLLL'],1
2,BASELINE,4,10,0,LLLLLRRRRR,491.43802981535254,00:08:11,['LLLLLRRRRR'],1
2,BASELINE,4,10,3,RLRLRLRLRL,491.43802981535254,00:08:11,['RLRLRLRLRL'],1
2,BASELINE,4,9,3,RLRLRLRLR,491.43802981535254,00:08:11,['RLRLRLRLR'],1
2,L,7,10,1,RRRRRLLLLL,491.6117391217525,00:08:12,['RRRRRLLLLL'],1
2,L,7,10,2,LRLRLRLRLR,491.6117391217525,00:08:12,['LRLRLRLRLR'],1
2,L,7,10,3,RLRLRLRLRL,491.6117391217525,00:08:12,['RLRLRLRLRL'],1
2,L,7,10,0,LLLLLRRRRR,491.6117391217525,00:08:12,['LLLLLRRRRR'],1
2,L,2,9,3,RLRLRLRLR,498.4623783238778,00:08:18,['RLRLRLRLR'],1
2,L,2,9,1,RRRRRLLLL,498.4623783238778,00:08:18,['RRRRRLLLL'],1
2,BASELINE,2,7,3,RLRLRLR,499.6933372858086,00:08:20,['RLRLRLR'],1
2,BASELINE,2,7,1,RRRRLLL,499.6933372858086,00:08:20,['RRRRLLL'],1
2,BASELINE,2,8,0,LLLLRRRR,499.6933372858086,00:08:20,['LLLLRRRR'],1
2,BASELINE,2,9,0,LLLLLRRRR,499.6933372858086,00:08:20,['LLLLLRRRR'],1
2,BASELINE,2,8,1,RRRRLLLL,499.6933372858086,00:08:20,['RRRRLLLL'],1
2,BASELINE,2,9,2,LRLRLRLRL,499.6933372858086,00:08:20,['LRLRLRLRL'],1
2,BASELINE,2,8,2,LRLRLRLR,499.6933372858086,00:08:20,['LRLRLRLR'],1
2,BASELINE,2,8,3,RLRLRLRL,499.6933372858086,00:08:20,['RLRLRLRL'],1
2,BASELINE,1,6,0,LLLRRR,500.51142542097693,00:08:21,['LLLRRR'],1
2,BASELINE,1,6,3,RLRLRL,500.51142542097693,00:08:21,['RLRLRL'],1
2,BASELINE,1,6,2,LRLRLR,500.51142542097693,00:08:21,['LRLRLR'],1
2,BASELINE,1,6,1,RRRLLL,500.51142542097693,00:08:21,['RRRLLL'],1
2,BASELINE,1,5,3,RLRLR,500.51142542097693,00:08:21,['RLRLR'],1
2,BASELINE,1,5,1,RRRLL,500.51142542097693,00:08:21,['RRRLL'],1
2,BASELINE,1,7,0,LLLLRRR,500.51142542097693,00:08:21,['LLLLRRR'],1
2,BASELINE,1,7,2,LRLRLRL,500.51142542097693,00:08:21,['LRLRLRL'],1
1,T,6,4,3,RLRL,501.1642075011045,00:08:21,['RLRL'],1
1,T,6,3,0,LLR,501.1642075011045,00:08:21,['LLR'],1
1,T,6,3,2,LRL,501.1642075011045,00:08:21,['LRL'],1
1,T,6,4,0,LLRR,501.1642075011045,00:08:21,['LLRR'],1
1,T,6,4,1,RRLL,501.1642075011045,00:08:21,['RRLL'],1
1,T,6,4,2,LRLR,501.1642075011045,00:08:21,['LRLR'],1
1,T,6,5,3,RLRLR,501.1642075011045,00:08:21,['RLRLR'],1
1,T,6,5,1,RRRLL,501.1642075011045,00:08:21,['RRRLL'],1
1,T,10,7,3,RLRLRLR,506.884226227692,00:08:27,['RLRLRLR'],1
1,T,10,7,1,RRRRLLL,506.884226227692,00:08:27,['RRRRLLL'],1
1,T,10,6,3,RLRLRL,506.884226227692,00:08:27,['RLRLRL'],1
1,T,10,6,2,LRLRLR,506.884226227692,00:08:27,['LRLRLR'],1
1,T,10,6,0,LLLRRR,506.884226227692,00:08:27,['LLLRRR'],1
1,T,10,5,0,LLLRR,506.884226227692,00:08:27,['LLLRR'],1
1,T,10,6,1,RRRLLL,506.884226227692,00:08:27,['RRRLLL'],1
1,T,10,5,2,LRLRL,506.884226227692,00:08:27,['LRLRL'],1
2,BASELINE,5,9,3,RLRLRLRLR,507.43802981535254,00:08:27,['RLRLRLRLR'],1
2,BASELINE,5,9,1,RRRRRLLLL,507.43802981535254,00:08:27,['RRRRRLLLL'],1
2,BASELINE,5,10,1,RRRRRLLLLL,507.43802981535254,00:08:27,['RRRRRLLLLL'],1
2,BASELINE,5,10,2,LRLRLRLRLR,507.43802981535254,00:08:27,['LRLRLRLRLR'],1
2,BASELINE,5,10,3,RLRLRLRLRL,507.43802981535254,00:08:27,['RLRLRLRLRL'],1
2,BASELINE,5,10,0,LLLLLRRRRR,507.43802981535254,00:08:27,['LLLLLRRRRR'],1
2,L,8,10,3,RLRLRLRLRL,507.6117391217525,00:08:28,['RLRLRLRLRL'],1
2,L,8,10,0,LLLLLRRRRR,507.6117391217525,00:08:28,['LLLLLRRRRR'],1
2,L,8,10,1,RRRRRLLLLL,507.6117391217525,00:08:28,['RRRRRLLLLL'],1
2,L,8,10,2,LRLRLRLRLR,507.6117391217525,00:08:28,['LRLRLRLRLR'],1
1,T,2,2,0,LR,511.16420750110433,00:08:31,['LR'],1
1,T,2,2,1,RL,511.16420750110433,00:08:31,['RL'],1
1,T,2,3,1,RRL,511.16420750110433,00:08:31,['RRL'],1
1,T,2,3,3,RLR,511.16420750110433,00:08:31,['RLR'],1
1,L,6,5,1,RRRLL,512.0,00:08:32,['RRRLL'],1
1,L,6,3,0,LLR,512.0,00:08:32,['LLR'],1
1,L,6,3,2,LRL,512.0,00:08:32,['LRL'],1
1,L,6,4,0,LLRR,512.0,00:08:32,['LLRR'],1
1,L,6,5,3,RLRLR,512.0,00:08:32,['RLRLR'],1
1,L,6,4,1,RRLL,512.0,00:08:32,['RRLL'],1
1,L,6,4,3,RLRL,512.0,00:08:32,['RLRL'],1
1,L,6,4,2,LRLR,512.0,00:08:32,['LRLR'],1
2,L,1,7,0,LLLLRRR,512.2431257767278,00:08:32,['LLLLRRR'],1
2,L,1,6,3,RLRLRL,512.2431257767278,00:08:32,['RLRLRL'],1
2,L,1,6,2,LRLRLR,512.2431257767278,00:08:32,['LRLRLR'],1
2,L,1,6,1,RRRLLL,512.2431257767278,00:08:32,['RRRLLL'],1
2,L,1,6,0,LLLRRR,512.2431257767278,00:08:32,['LLLRRR'],1
2,L,1,7,2,LRLRLRL,512.2431257767278,00:08:32,['LRLRLRL'],1
2,BASELINE,3,9,2,LRLRLRLRL,515.6933372858086,00:08:36,['LRLRLRLRL'],1
2,BASELINE,3,8,1,RRRRLLLL,515.6933372858086,00:08:36,['RRRRLLLL'],1
2,BASELINE,3,7,3,RLRLRLR,515.6933372858086,00:08:36,['RLRLRLR'],1
2,BASELINE,3,9,0,LLLLLRRRR,515.6933372858086,00:08:36,['LLLLLRRRR'],1
2,BASELINE,3,8,0,LLLLRRRR,515.6933372858086,00:08:36,['LLLLRRRR'],1
2,BASELINE,3,8,3,RLRLRLRL,515.6933372858086,00:08:36,['RLRLRLRL'],1
2,BASELINE,3,8,2,LRLRLRLR,515.6933372858086,00:08:36,['LRLRLRLR'],1
2,BASELINE,3,7,1,RRRRLLL,515.6933372858086,00:08:36,['RRRRLLL'],1
1,BASELINE,3,1,0,L,519.6098348886976,00:08:40,['L'],1
1,BASELINE,3,1,1,R,519.6098348886976,00:08:40,['R'],1
1,BASELINE,7,3,2,LRL,522.2249270037302,00:08:42,['LRL'],1
1,BASELINE,7,2,1,RL,522.2249270037302,00:08:42,['RL'],1
1,BASELINE,7,3,0,LLR,522.2249270037302,00:08:42,['LLR'],1
1,BASELINE,7,2,0,LR,522.2249270037302,00:08:42,['LR'],1
2,L,3,9,1,RRRRRLLLL,522.4623783238777,00:08:42,['RRRRRLLLL'],1
2,L,3,9,3,RLRLRLRLR,522.4623783238777,00:08:42,['RLRLRLRLR'],1
2,T,1,10,0,LLLLLRRRRR,522.512765316678,00:08:43,['LLLLLRRRRR'],1
2,T,1,9,0,LLLLLRRRR,522.512765316678,00:08:43,['LLLLLRRRR'],1
2,T,1,10,2,LRLRLRLRLR,522.512765316678,00:08:43,['LRLRLRLRLR'],1
2,T,1,10,1,RRRRRLLLLL,522.512765316678,00:08:43,['RRRRRLLLLL'],1
2,T,1,9,2,LRLRLRLRL,522.512765316678,00:08:43,['LRLRLRLRL'],1
2,T,1,10,3,RLRLRLRLRL,522.512765316678,00:08:43,['RLRLRLRLRL'],1
2,BASELINE,6,10,0,LLLLLRRRRR,523.4380298153526,00:08:43,['LLLLLRRRRR'],1
2,BASELINE,6,10,2,LRLRLRLRLR,523.4380298153526,00:08:43,['LRLRLRLRLR'],1
2,BASELINE,6,9,1,RRRRRLLLL,523.4380298153526,00:08:43,['RRRRRLLLL'],1
2,BASELINE,6,10,3,RLRLRLRLRL,523.4380298153526,00:08:43,['RLRLRLRLRL'],1
2,BASELINE,6,10,1,RRRRRLLLLL,523.4380298153526,00:08:43,['RRRRRLLLLL'],1
2,BASELINE,6,9,3,RLRLRLRLR,523.4380298153526,00:08:43,['RLRLRLRLR'],1
